Date,TempInSitu,Serial,Salinity
1/15/2021 8:24,23.28,316,34.83656298
1/15/2021 8:25,23.28,316,34.59268213
1/15/2021 8:25,23.28,316,34.90039294
1/15/2021 8:25,23.28,316,34.72214442
1/15/2021 8:25,23.28,316,34.53603634
1/15/2021 8:25,23.27,316,34.42168249
1/15/2021 8:25,23.28,316,34.3234635
1/15/2021 8:26,23.28,316,34.25828513
1/15/2021 8:26,23.28,316,34.17785107
1/15/2021 8:26,23.29,316,34.12378799
1/15/2021 8:26,23.29,316,34.08385295
1/15/2021 8:26,23.3,316,34.03923965
1/15/2021 8:26,23.3,316,34.02388061
1/15/2021 8:27,23.3,316,33.97801131
1/15/2021 8:27,23.32,316,33.96867181
1/15/2021 8:27,23.32,316,33.9198035
1/15/2021 8:27,23.32,316,33.90768938
1/15/2021 8:27,23.32,316,33.8893174
1/15/2021 8:27,23.33,316,33.91211965
1/15/2021 8:28,23.33,316,33.86650287
1/15/2021 8:28,23.33,316,33.8877968
1/15/2021 8:28,23.33,316,33.85732082
1/15/2021 8:28,23.34,316,33.82836619
1/15/2021 8:28,23.34,316,33.82836658
1/15/2021 8:28,23.34,316,33.83139323
1/15/2021 8:29,23.35,316,33.8450123
1/15/2021 8:29,23.35,316,33.81162974
1/15/2021 8:29,23.35,316,33.80557939
1/15/2021 8:29,23.35,316,33.80255447
1/15/2021 8:29,23.37,316,33.76900543
1/15/2021 8:29,23.37,316,33.76900581
1/15/2021 8:30,23.37,316,33.78412486
1/15/2021 8:30,23.37,316,33.77203024
1/15/2021 8:30,23.37,316,33.73262574
1/15/2021 8:30,23.38,316,33.75833994
1/15/2021 8:30,23.37,316,33.75389015
1/15/2021 8:30,23.38,316,33.73718158
1/15/2021 8:31,23.38,316,33.7281144
1/15/2021 8:31,23.38,316,33.7249916
1/15/2021 8:31,23.38,316,33.74020535
1/15/2021 8:31,23.39,316,33.74767915
1/15/2021 8:31,23.39,316,33.73256937
1/15/2021 8:31,23.39,316,33.74767992
1/15/2021 8:32,23.39,316,33.7355921
1/15/2021 9:54,23.39,316,33.7173607
1/15/2021 9:54,29.16,316,34.87083632
1/15/2021 9:54,29.19,316,34.75244452
1/15/2021 9:55,29.14,316,34.75444554
1/15/2021 9:55,29.15,316,34.69571793
1/15/2021 9:55,29.16,316,34.6200643
1/15/2021 9:55,29.19,316,34.48609131
1/15/2021 9:55,29.2,316,34.49583116
1/15/2021 9:55,29.17,316,34.54809162
1/15/2021 9:56,29.17,316,34.48010693
1/15/2021 9:56,29.17,316,34.49034897
1/15/2021 9:56,29.17,316,34.48355168
1/15/2021 9:56,29.14,316,34.48821309
1/15/2021 9:56,29.15,316,34.47420813
1/15/2021 9:56,29.15,316,34.48436294
1/15/2021 9:57,29.14,316,34.43399139
1/15/2021 9:57,29.15,316,34.40984842
1/15/2021 9:57,29.15,316,34.37604449
1/15/2021 9:57,29.15,316,34.369339
1/15/2021 9:57,29.14,316,34.36981377
1/15/2021 9:57,29.15,316,34.36598685
1/15/2021 9:58,29.15,316,34.34913318
1/15/2021 9:58,29.16,316,34.30155959
1/15/2021 9:58,29.14,316,34.32595249
1/15/2021 9:58,29.14,316,34.35966467
1/15/2021 9:58,29.12,316,34.34365628
1/15/2021 9:58,29.12,316,34.41456174
1/15/2021 9:59,29.12,316,34.39760437
1/15/2021 9:59,29.14,316,34.34280948
1/15/2021 9:59,29.12,316,34.38418495
1/15/2021 9:59,29.12,316,34.34365802
1/15/2021 9:59,29.12,316,34.39760577
1/15/2021 9:59,29.12,316,34.33695024
1/15/2021 10:00,29.14,316,34.383233
1/15/2021 10:00,29.12,316,34.35716765
1/15/2021 10:00,29.14,316,34.31925118
1/15/2021 10:00,29.14,316,34.29234112
1/15/2021 10:00,29.14,316,34.33945958
1/15/2021 10:00,29.12,316,34.32009144
1/15/2021 10:01,29.12,316,34.32009178
1/15/2021 10:01,29.12,316,34.33024477
1/15/2021 10:01,29.14,316,34.31590061
1/15/2021 10:01,29.11,316,34.33062136
1/15/2021 10:01,29.12,316,34.31003166
1/15/2021 10:01,29.1,316,34.33444378
1/15/2021 10:02,29.09,316,34.34162304
1/15/2021 10:02,29.11,316,34.33742291
1/15/2021 10:02,29.11,316,34.30378726
1/15/2021 10:02,29.11,316,34.24668204
1/15/2021 10:02,29.11,316,34.29707952
1/15/2021 10:02,29.14,316,34.24532887
1/15/2021 10:03,29.16,316,34.19752693
1/15/2021 10:03,29.16,316,34.20757619
1/15/2021 10:03,29.17,316,34.2004333
1/15/2021 10:03,29.16,316,34.16077655
1/15/2021 10:03,29.15,316,34.21807344
1/15/2021 10:03,29.15,316,34.21807378
1/15/2021 10:04,29.15,316,34.20132235
1/15/2021 10:04,29.15,316,34.24488007
1/15/2021 10:04,29.15,316,34.18792257
1/15/2021 10:04,29.14,316,34.21517077
1/15/2021 10:04,29.15,316,34.19797355
1/15/2021 10:04,29.14,316,34.17505322
1/15/2021 10:05,29.16,316,34.17743471
1/15/2021 10:05,29.16,316,34.1708272
1/15/2021 10:05,29.16,316,34.16078037
1/15/2021 10:05,29.19,316,34.12265526
1/15/2021 10:05,29.19,316,34.09597526
1/15/2021 10:05,29.19,316,34.11270696
1/15/2021 10:06,29.17,316,34.13355998
1/15/2021 10:06,29.19,316,34.12934987
1/15/2021 10:06,29.19,316,34.09932282
1/15/2021 10:06,29.16,316,34.10403877
1/15/2021 10:06,29.17,316,34.11356513
1/15/2021 10:06,29.17,316,34.09031431
1/15/2021 10:07,29.19,316,34.0860303
1/15/2021 10:07,29.19,316,34.10267077
1/15/2021 10:07,29.2,316,34.10559016
1/15/2021 10:07,29.2,316,34.05893691
1/15/2021 10:07,29.2,316,34.10893657
1/15/2021 10:07,29.19,316,34.08937804
1/15/2021 10:08,29.19,316,34.09932629
1/15/2021 10:08,29.2,316,34.07557329
1/15/2021 10:08,29.2,316,34.06897373
1/15/2021 10:08,29.19,316,34.05275708
1/15/2021 10:08,29.2,316,34.06228432
1/15/2021 10:08,29.2,316,34.04899548
1/15/2021 10:09,29.19,316,34.07274139
1/15/2021 10:09,29.2,316,34.06563039
1/15/2021 10:09,29.2,316,34.05894073
1/15/2021 10:09,29.2,316,34.06563108
1/15/2021 10:09,29.19,316,34.03612329
1/15/2021 10:09,29.2,316,34.0456528
1/15/2021 10:10,29.2,316,34.03570956
1/15/2021 10:10,29.21,316,34.02191986
1/15/2021 10:10,29.21,316,34.03854928
1/15/2021 10:10,29.25,316,34.05332486
1/15/2021 10:10,29.22,316,34.10130736
1/15/2021 10:10,29.19,316,34.15604413
1/15/2021 10:11,29.2,316,34.14891525
1/15/2021 10:11,29.2,316,34.15895493
1/15/2021 10:11,29.2,316,34.15895528
1/15/2021 10:11,29.2,316,34.15895563
1/15/2021 10:11,29.19,316,34.13270803
1/15/2021 10:11,29.2,316,34.15560983
1/15/2021 10:12,29.19,316,34.1260154
1/15/2021 10:12,29.2,316,34.15226408
1/15/2021 10:12,29.2,316,34.11220163
1/15/2021 10:12,29.2,316,34.10560093
1/15/2021 10:12,29.2,316,34.0822732
1/15/2021 10:12,29.19,316,34.03947511
1/15/2021 10:13,29.19,316,34.04942103
1/15/2021 10:13,29.17,316,34.04699846
1/15/2021 10:13,29.16,316,34.09409949
1/15/2021 10:13,29.15,316,34.08791753
1/15/2021 10:13,29.16,316,34.0242576
1/15/2021 10:13,29.12,316,34.04934875
1/15/2021 10:14,29.12,316,34.04934909
1/15/2021 10:14,29.1,316,34.00716563
1/15/2021 10:14,29.09,316,33.97461056
1/15/2021 10:14,29.09,316,33.99444197
1/15/2021 10:14,29.1,316,33.99394737
1/15/2021 10:14,29.08,316,34.0115131
1/15/2021 10:15,29.06,316,34.04232287
1/15/2021 10:15,29,316,34.0320025
1/15/2021 10:15,28.93,316,34.05866296
1/15/2021 10:15,28.83,316,33.9877942
1/15/2021 10:15,28.73,316,33.94381388
1/15/2021 10:15,28.66,316,33.9970708
1/15/2021 10:16,28.7,316,33.98828768
1/15/2021 10:16,28.71,316,33.95807971
1/15/2021 10:16,28.72,316,33.97729037
1/15/2021 10:16,28.72,316,34.04321051
1/15/2021 10:16,28.73,316,34.0129951
1/15/2021 10:16,28.76,316,34.01462218
1/15/2021 10:17,28.76,316,33.99485241
1/15/2021 10:17,28.76,316,33.99485276
1/15/2021 10:17,28.76,316,33.97180548
1/15/2021 10:17,28.71,316,33.97121134
1/15/2021 10:17,28.71,316,33.98771505
1/15/2021 10:17,28.73,316,33.95037991
1/15/2021 10:18,28.77,316,33.99427588
1/15/2021 10:18,28.79,316,33.9998566
1/15/2021 10:18,28.79,316,34.00313494
1/15/2021 10:18,28.81,316,33.99542009
1/15/2021 10:18,28.81,316,33.98559055
1/15/2021 10:18,28.82,316,33.95862498
1/15/2021 10:19,28.81,316,33.93617565
1/15/2021 10:19,28.73,316,33.64676235
1/15/2021 10:19,28.82,316,33.86338375
1/15/2021 10:19,28.77,316,33.68663324
1/15/2021 10:19,28.7,316,33.50649011
1/15/2021 10:19,28.73,316,33.43074265
1/15/2021 10:20,28.73,316,33.4115619
1/15/2021 10:20,28.79,316,33.79626917
1/15/2021 10:20,28.82,316,33.85683781
1/15/2021 10:20,28.83,316,33.86283059
1/15/2021 10:20,28.83,316,33.91866908
1/15/2021 10:20,28.83,316,33.86283129
1/15/2021 10:21,28.84,316,33.85900308
1/15/2021 10:21,28.83,316,33.81364476
1/15/2021 10:21,28.81,316,33.68763903
1/15/2021 10:21,28.84,316,33.91483109
1/15/2021 10:21,28.82,316,33.97510025
1/15/2021 10:21,28.81,316,33.89669378
1/15/2021 10:22,28.79,316,33.88798794
1/15/2021 10:22,28.81,316,33.8770443
1/15/2021 10:22,28.78,316,33.74459766
1/15/2021 10:22,28.81,316,33.76572833
1/15/2021 10:22,28.79,316,33.76689398
1/15/2021 10:22,28.78,316,33.71858524
1/15/2021 10:23,28.83,316,33.73857144
1/15/2021 10:23,28.84,316,33.72495564
1/15/2021 10:23,28.84,316,33.84264455
1/15/2021 10:23,28.87,316,33.79511159
1/15/2021 10:23,28.97,316,33.78322872
1/15/2021 10:23,28.89,316,33.66040725
1/15/2021 10:24,28.9,316,33.70534699
1/15/2021 10:24,29.06,316,33.87710315
1/15/2021 10:24,28.95,316,33.69291431
1/15/2021 10:24,28.99,316,33.72006925
1/15/2021 10:24,29.06,316,33.69036901
1/15/2021 10:24,29.09,316,33.83288083
1/15/2021 10:25,29.05,316,33.69080796
1/15/2021 10:25,29.05,316,33.73660274
1/15/2021 10:25,29.1,316,33.77651264
1/15/2021 10:25,29.06,316,33.76547951
1/15/2021 10:25,29.06,316,33.72294512
1/15/2021 10:25,29.06,316,33.73280914
1/15/2021 10:26,29.04,316,33.730533
1/15/2021 10:26,29.04,316,33.71749793
1/15/2021 10:26,29.05,316,33.81183453
1/15/2021 10:26,29.05,316,33.82831467
1/15/2021 10:26,29.09,316,33.87559931
1/15/2021 10:26,29.24,316,33.98739086
1/15/2021 10:27,29.19,316,33.84439459
1/15/2021 10:27,29.22,316,33.95189041
1/15/2021 10:27,29.26,316,33.94009179
1/15/2021 10:27,29.25,316,33.96378189
1/15/2021 10:27,29.22,316,33.92876933
1/15/2021 10:27,29.24,316,33.88816755
1/15/2021 10:28,29.17,316,33.87172293
1/15/2021 10:28,29.15,316,33.84636459
1/15/2021 10:28,29.14,316,33.82712501
1/15/2021 10:28,29.24,316,33.99732846
1/15/2021 10:28,29.21,316,33.95563578
1/15/2021 10:28,29.17,316,33.93110831
1/15/2021 10:29,29.19,316,34.04285408
1/15/2021 10:29,29.16,316,33.98783975
1/15/2021 10:29,29.16,316,33.85900325
1/15/2021 10:29,29.15,316,33.91227583
1/15/2021 10:29,29.17,316,33.91791224
1/15/2021 10:29,29.17,316,33.88492168
1/15/2021 10:30,29.19,316,33.88062586
1/15/2021 10:30,29.15,316,33.85947649
1/15/2021 10:30,29.15,316,33.82657345
1/15/2021 10:30,29.19,316,33.84765374
1/15/2021 10:30,29.2,316,33.79462773
1/15/2021 10:30,29.21,316,33.8764237
1/15/2021 10:31,29.24,316,33.87165613
1/15/2021 10:31,29.25,316,33.86459313
1/15/2021 10:31,29.26,316,33.85753261
1/15/2021 10:31,29.33,316,33.7293667
1/15/2021 10:31,29.38,316,33.68770423
1/15/2021 10:31,29.44,316,33.56079998
1/15/2021 10:32,29.43,316,33.62329638
1/15/2021 10:32,29.41,316,33.62740104
1/15/2021 10:32,29.37,316,33.21239321
1/15/2021 10:32,29.24,316,33.03796135
1/15/2021 10:32,29.24,316,33.818955
1/15/2021 10:32,29.26,316,33.765441
1/15/2021 10:33,29.25,316,33.78889955
1/15/2021 10:33,29.21,316,33.29761239
1/15/2021 10:33,29.22,316,33.10886029
1/15/2021 10:33,29.19,316,33.41767301
1/15/2021 10:33,29.16,316,33.08043148
1/15/2021 10:33,29.19,316,32.98703261
1/15/2021 10:34,29.16,316,32.7441798
1/15/2021 10:34,29.16,316,32.54566985
1/15/2021 10:34,29.15,316,32.5679127
1/15/2021 10:34,29.21,316,32.73808061
1/15/2021 10:34,29.24,316,32.79878143
1/15/2021 10:34,29.25,316,32.84833818
1/15/2021 10:35,29.22,316,32.84066771
1/15/2021 10:35,29.28,316,33.02625224
1/15/2021 10:35,29.3,316,33.06952504
1/15/2021 10:35,29.27,316,33.13154456
1/15/2021 10:35,29.31,316,33.39210233
1/15/2021 10:35,29.3,316,33.37333221
1/15/2021 10:36,29.3,316,33.59679284
1/15/2021 10:36,29.3,316,33.56428989
1/15/2021 10:36,29.28,316,33.63359032
1/15/2021 10:36,29.27,316,33.68962787
1/15/2021 10:36,29.27,316,33.56248984
1/15/2021 10:36,29.28,316,32.89379456
1/15/2021 10:37,29.3,316,32.97461179
1/15/2021 10:37,29.36,316,33.08225836
1/15/2021 10:37,29.27,316,32.79705039
1/15/2021 10:37,29.3,316,32.88323886
1/15/2021 10:37,29.26,316,32.68219153
1/15/2021 10:37,29.3,316,33.00936043
1/15/2021 10:38,29.27,316,32.92579364
1/15/2021 10:38,29.31,316,32.88267469
1/15/2021 10:38,29.32,316,32.91673867
1/15/2021 10:38,29.33,316,33.09340743
1/15/2021 10:38,29.22,316,32.6224521
1/15/2021 10:38,29.26,316,32.74769798
1/15/2021 10:39,29.31,316,32.9392988
1/15/2021 10:39,29.38,316,33.20235647
1/15/2021 10:39,29.39,316,33.3720156
1/15/2021 10:39,29.32,316,33.30792848
1/15/2021 10:39,29.27,316,33.89343148
1/15/2021 10:39,29.27,316,33.91319073
1/15/2021 10:40,29.24,316,33.95761868
1/15/2021 10:40,29.27,316,33.76499949
1/15/2021 10:40,29.25,316,33.93401772
1/15/2021 10:40,29.26,316,33.87072422
1/15/2021 10:40,29.27,316,33.78465728
1/15/2021 10:40,29.28,316,33.76778933
1/15/2021 10:41,29.27,316,33.72560305
1/15/2021 10:41,29.28,316,33.70226166
1/15/2021 10:41,29.3,316,33.61310246
1/15/2021 10:41,29.32,316,33.7003889
1/15/2021 10:41,29.28,316,33.57171721
1/15/2021 10:41,29.33,316,33.67698474
1/15/2021 10:42,29.31,316,33.57675347
1/15/2021 10:42,29.33,316,33.74244669
1/15/2021 10:42,29.35,316,33.66296232
1/15/2021 10:42,29.33,316,33.69337204
1/15/2021 10:42,29.35,316,33.74487026
1/15/2021 10:42,29.36,316,33.77069983
1/15/2021 10:43,29.36,316,33.71489507
1/15/2021 10:43,29.35,316,33.71201458
1/15/2021 10:43,29.35,316,33.71534537
1/15/2021 10:43,29.35,316,33.78754833
1/15/2021 10:43,29.31,316,33.90810608
1/15/2021 10:43,29.32,316,33.87463246
1/15/2021 10:44,29.36,316,33.72470698
1/15/2021 10:44,29.36,316,33.69194966
1/15/2021 10:44,29.35,316,33.81393447
1/15/2021 10:44,29.37,316,33.70131177
1/15/2021 10:44,29.37,316,33.69150514
1/15/2021 10:44,29.38,316,33.72704432
1/15/2021 10:45,29.38,316,33.68449362
1/15/2021 10:45,29.37,316,33.69150618
1/15/2021 10:45,29.38,316,33.65499247
1/15/2021 10:45,29.37,316,33.59993711
1/15/2021 10:45,29.37,316,33.66856608
1/15/2021 10:45,29.37,316,33.62278155
1/15/2021 10:46,29.36,316,33.63311042
1/15/2021 10:46,29.38,316,33.6615598
1/15/2021 10:46,29.38,316,33.66156015
1/15/2021 10:46,29.37,316,33.58366228
1/15/2021 10:46,29.36,316,33.58741629
1/15/2021 10:46,29.36,316,33.55486011
1/15/2021 10:47,29.37,316,33.52836716
1/15/2021 10:47,29.35,316,33.5163387
1/15/2021 10:47,29.36,316,33.62330761
1/15/2021 10:47,29.35,316,33.53909241
1/15/2021 10:47,29.33,316,33.53030041
1/15/2021 10:47,29.35,316,33.5488066
1/15/2021 10:48,29.37,316,33.5967048
1/15/2021 10:48,29.33,316,33.56278187
1/15/2021 10:48,29.38,316,33.59295036
1/15/2021 10:48,29.41,316,33.53299439
1/15/2021 10:48,29.43,316,33.60697999
1/15/2021 10:48,29.42,316,33.75805928
1/15/2021 10:49,29.42,316,33.76138659
1/15/2021 10:49,29.41,316,33.63732306
1/15/2021 10:49,29.41,316,33.56551985
1/15/2021 10:49,29.39,316,33.70690288
1/15/2021 10:49,29.39,316,33.64476095
1/15/2021 10:49,29.41,316,33.70933224
1/15/2021 10:50,29.39,316,33.6611273
1/15/2021 10:50,29.41,316,33.66348243
1/15/2021 10:50,29.41,316,33.65359475
1/15/2021 10:50,29.41,316,33.66348312
1/15/2021 10:50,29.41,316,33.62096826
1/15/2021 10:50,29.41,316,33.61440783
1/15/2021 10:51,29.39,316,33.64476371
1/15/2021 10:51,29.39,316,33.62839966
1/15/2021 10:51,29.39,316,33.61212679
1/15/2021 10:51,29.41,316,33.67984638
1/15/2021 10:51,29.39,316,33.69053817
1/15/2021 10:51,29.38,316,33.6354003
1/15/2021 10:52,29.38,316,33.67794181
1/15/2021 10:52,29.38,316,33.67794216
1/15/2021 10:52,29.38,316,33.64520393
1/15/2021 10:52,29.39,316,33.66113248
1/15/2021 10:52,29.41,316,33.65036361
1/15/2021 10:52,29.39,316,33.64800457
1/15/2021 10:53,29.42,316,33.6662824
1/15/2021 10:53,29.39,316,33.65780667
1/15/2021 10:53,29.41,316,33.66672517
1/15/2021 10:53,29.41,316,33.69621299
1/15/2021 10:53,29.42,316,33.68587813
1/15/2021 10:53,29.42,316,33.66628413
1/15/2021 10:54,29.43,316,33.65928245
1/15/2021 10:54,29.42,316,33.65972382
1/15/2021 10:54,29.42,316,33.67608211
1/15/2021 10:54,29.41,316,33.71590564
1/15/2021 10:54,29.42,316,33.6858802
1/15/2021 10:54,29.41,316,33.627448
1/15/2021 10:55,29.39,316,33.64800906
1/15/2021 10:55,29.39,316,33.64144541
1/15/2021 10:55,29.39,316,33.66437566
1/15/2021 10:55,29.41,316,33.73227296
1/15/2021 10:55,29.42,316,33.64660553
1/15/2021 10:55,29.41,316,33.70934467
1/15/2021 10:56,29.41,316,33.65360649
1/15/2021 10:56,29.42,316,33.65316716
1/15/2021 10:56,29.42,316,33.58137154
1/15/2021 10:56,29.42,316,33.62045677
1/15/2021 10:56,29.41,316,33.5785639
1/15/2021 10:56,29.39,316,33.53070102
1/15/2021 10:57,29.39,316,33.55343949
1/15/2021 10:57,29.39,316,33.52423124
1/15/2021 10:57,29.39,316,33.53070206
1/15/2021 10:57,29.38,316,33.5214116
1/15/2021 10:57,29.38,316,33.57669627
1/15/2021 10:57,29.38,316,33.60933465
1/15/2021 10:58,29.37,316,33.56741046
1/15/2021 10:58,29.38,316,33.54415421
1/15/2021 10:58,29.39,316,33.54697107
1/15/2021 10:58,29.41,316,33.51675511
1/15/2021 10:58,29.41,316,33.55574559
1/15/2021 10:58,29.42,316,33.47081018
1/15/2021 10:59,29.43,316,33.49302942
1/15/2021 10:59,29.44,316,33.43104453
1/15/2021 10:59,29.43,316,33.45415542
1/15/2021 10:59,29.44,316,33.43427608
1/15/2021 10:59,29.44,316,33.37926875
1/15/2021 10:59,29.43,316,33.4249827
1/15/2021 11:00,29.43,316,33.43153557
1/15/2021 11:00,29.42,316,33.43193533
1/15/2021 11:00,29.42,316,33.47081329
1/15/2021 11:00,29.42,316,33.461116
1/15/2021 11:00,29.39,316,33.50150351
1/15/2021 11:00,29.39,316,33.50150386
1/15/2021 11:01,29.38,316,33.50191547
1/15/2021 11:01,29.39,316,33.50150455
1/15/2021 11:01,29.38,316,33.46956432
1/15/2021 11:01,29.38,316,33.42419058
1/15/2021 11:01,29.39,316,33.46906981
1/15/2021 11:01,29.36,316,33.45104967
1/15/2021 11:02,29.39,316,33.43987358
1/15/2021 11:02,29.39,316,33.43017246
1/15/2021 11:02,29.39,316,33.43017281
1/15/2021 11:02,29.39,316,33.44634251
1/15/2021 11:02,29.37,316,33.50565598
1/15/2021 11:02,29.39,316,33.55021596
1/15/2021 11:03,29.38,316,33.58327049
1/15/2021 11:03,29.35,316,33.58796675
1/15/2021 11:03,29.32,316,33.66441515
1/15/2021 11:03,29.35,316,33.61072819
1/15/2021 11:03,29.32,316,33.60895848
1/15/2021 11:03,29.33,316,33.56938304
1/15/2021 11:04,29.3,316,33.5936094
1/15/2021 11:04,29.28,316,33.60437022
1/15/2021 11:04,29.27,316,33.61786246
1/15/2021 11:04,29.27,316,33.59831165
1/15/2021 11:04,29.24,316,33.63565042
1/15/2021 11:04,29.24,316,33.62582374
1/15/2021 11:05,29.26,316,33.57278888
1/15/2021 11:05,29.26,316,33.56630221
1/15/2021 11:05,29.22,316,33.60080367
1/15/2021 11:05,29.24,316,33.59328203
1/15/2021 11:05,29.22,316,33.57808123
1/15/2021 11:05,29.24,316,33.58679274
1/15/2021 11:06,29.24,316,33.554256
1/15/2021 11:06,29.22,316,33.59106662
1/15/2021 11:06,29.24,316,33.57705916
1/15/2021 11:06,29.22,316,33.6008061
1/15/2021 11:06,29.22,316,33.61712893
1/15/2021 11:06,29.24,316,33.59977499
1/15/2021 11:07,29.21,316,33.59158228
1/15/2021 11:07,29.21,316,33.61431133
1/15/2021 11:07,29.21,316,33.58508951
1/15/2021 11:07,29.19,316,33.5925206
1/15/2021 11:07,29.19,316,33.58277724
1/15/2021 11:07,29.19,316,33.59585951
1/15/2021 11:08,29.17,316,33.60988535
1/15/2021 11:08,29.19,316,33.61210096
1/15/2021 11:08,29.17,316,33.61963452
1/15/2021 11:08,29.15,316,33.62717259
1/15/2021 11:08,29.15,316,33.63367476
1/15/2021 11:08,29.16,316,33.60056329
1/15/2021 11:09,29.15,316,33.63367546
1/15/2021 11:09,29.14,316,33.60809485
1/15/2021 11:09,29.15,316,33.62717432
1/15/2021 11:09,29.16,316,33.63315612
1/15/2021 11:09,29.12,316,33.6547547
1/15/2021 11:09,29.14,316,33.63419745
1/15/2021 11:10,29.11,316,33.66829391
1/15/2021 11:10,29.11,316,33.66178664
1/15/2021 11:10,29.12,316,33.67752872
1/15/2021 11:10,29.11,316,33.6944178
1/15/2021 11:10,29.11,316,33.66178768
1/15/2021 11:10,29.12,316,33.68738059
1/15/2021 11:11,29.11,316,33.71719988
1/15/2021 11:11,29.1,316,33.72424551
1/15/2021 11:11,29.09,316,33.70850279
1/15/2021 11:11,29.1,316,33.69486004
1/15/2021 11:11,29.09,316,33.73129431
1/15/2021 11:11,29.09,316,33.74766577
1/15/2021 11:12,29.09,316,33.7411537
1/15/2021 11:12,29.09,316,33.76403885
1/15/2021 11:12,29.09,316,33.76403919
1/15/2021 11:12,29.09,316,33.75752662
1/15/2021 11:12,29.09,316,33.74115509
1/15/2021 11:12,29.09,316,33.75752731
1/15/2021 11:13,29.1,316,33.75047427
1/15/2021 11:13,29.1,316,33.75047462
1/15/2021 11:13,29.08,316,33.76458423
1/15/2021 11:13,29.08,316,33.73509169
1/15/2021 11:13,29.08,316,33.78096159
1/15/2021 11:13,29.08,316,33.78096194
1/15/2021 11:14,29.08,316,33.78096228
1/15/2021 11:14,29.05,316,33.81528454
1/15/2021 11:14,29.06,316,33.78848129
1/15/2021 11:14,29.05,316,33.81528524
1/15/2021 11:14,29.04,316,33.82235776
1/15/2021 11:14,29.06,316,33.79509027
1/15/2021 11:15,29.06,316,33.77870692
1/15/2021 11:15,29.05,316,33.77264364
1/15/2021 11:15,29.06,316,33.80160894
1/15/2021 11:15,29.06,316,33.78848372
1/15/2021 11:15,29.05,316,33.79554951
1/15/2021 11:15,29.06,316,33.79835115
1/15/2021 11:16,29.06,316,33.77210157
1/15/2021 11:16,29.05,316,33.80215992
1/15/2021 11:16,29.05,316,33.77916419
1/15/2021 11:16,29.04,316,33.80261918
1/15/2021 11:16,29.04,316,33.80923031
1/15/2021 11:16,29.03,316,33.8163025
1/15/2021 11:17,29.03,316,33.81630285
1/15/2021 11:17,29.05,316,33.80542149
1/15/2021 11:17,29.04,316,33.79284096
1/15/2021 11:17,29.03,316,33.80969169
1/15/2021 11:17,29.03,316,33.84909659
1/15/2021 11:17,29.03,316,33.79991032
1/15/2021 11:18,29.04,316,33.80923309
1/15/2021 11:18,29.03,316,33.81630528
1/15/2021 11:18,29.03,316,33.81630563
1/15/2021 11:18,29.03,316,33.79991171
1/15/2021 11:18,29.01,316,33.84024452
1/15/2021 11:18,29,316,33.86046983
1/15/2021 11:19,29,316,33.84732665
1/15/2021 11:19,29,316,33.82439575
1/15/2021 11:19,28.97,316,33.83575549
1/15/2021 11:19,28.99,316,33.85441162
1/15/2021 11:19,28.99,316,33.84462073
1/15/2021 11:19,28.99,316,33.83800318
1/15/2021 11:20,28.97,316,33.87520927
1/15/2021 11:20,28.98,316,33.82214743
1/15/2021 11:20,28.98,316,33.85170644
1/15/2021 11:20,28.98,316,33.83203078
1/15/2021 11:20,28.98,316,33.83855937
1/15/2021 11:20,28.99,316,33.83147823
1/15/2021 11:21,28.99,316,33.86103317
1/15/2021 11:21,28.99,316,33.90047627
1/15/2021 11:21,29.01,316,33.84686566
1/15/2021 11:21,29.01,316,33.85674442
1/15/2021 11:21,29.03,316,33.83596927
1/15/2021 11:21,29.03,316,33.80317931
1/15/2021 11:22,29,316,33.84733292
1/15/2021 11:22,29,316,33.81787659
1/15/2021 11:22,29,316,33.83428153
1/15/2021 11:22,28.98,316,33.86150432
1/15/2021 11:22,28.99,316,33.8150747
1/15/2021 11:22,28.98,316,33.8385639
1/15/2021 11:23,28.99,316,33.85441893
1/15/2021 11:23,28.98,316,33.84844801
1/15/2021 11:23,28.97,316,33.82270537
1/15/2021 11:23,28.97,316,33.85553483
1/15/2021 11:23,28.98,316,33.86150676
1/15/2021 11:23,28.97,316,33.8325002
1/15/2021 11:24,28.95,316,33.88940584
1/15/2021 11:24,28.95,316,33.85329369
1/15/2021 11:24,28.97,316,33.83250124
1/15/2021 11:24,28.95,316,33.85329439
1/15/2021 11:24,28.94,316,33.86038482
1/15/2021 11:24,28.93,316,33.89697884
1/15/2021 11:25,28.94,316,33.86038552
1/15/2021 11:25,28.92,316,33.89100641
1/15/2021 11:25,28.93,316,33.87401407
1/15/2021 11:25,28.9,316,33.91175188
1/15/2021 11:25,28.93,316,33.84115891
1/15/2021 11:25,28.89,316,33.86953196
1/15/2021 11:26,28.9,316,33.8723343
1/15/2021 11:26,28.9,316,33.88541283
1/15/2021 11:26,28.93,316,33.890446
1/15/2021 11:26,28.92,316,33.86468091
1/15/2021 11:26,28.92,316,33.87457668
1/15/2021 11:26,28.9,316,33.88877472
1/15/2021 11:27,28.9,316,33.90521502
1/15/2021 11:27,28.92,316,33.85487812
1/15/2021 11:27,28.89,316,33.89587837
1/15/2021 11:27,28.88,316,33.91606866
1/15/2021 11:27,28.92,316,33.88111545
1/15/2021 11:27,28.9,316,33.90521676
1/15/2021 11:28,28.9,316,33.9348304
1/15/2021 11:28,28.88,316,33.92597508
1/15/2021 11:28,28.89,316,33.92540698
1/15/2021 11:28,28.88,316,33.91943296
1/15/2021 11:28,28.9,316,33.91175851
1/15/2021 11:28,28.92,316,33.87458121
1/15/2021 11:29,28.92,316,33.90744858
1/15/2021 11:29,28.93,316,33.91015126
1/15/2021 11:29,28.93,316,33.8839165
1/15/2021 11:29,28.98,316,33.83531369
1/15/2021 11:29,29.04,316,33.7928667
1/15/2021 11:29,29.09,316,33.77719259
1/15/2021 11:30,29.09,316,33.81329126
1/15/2021 11:30,29.1,316,33.7766478
1/15/2021 11:30,29.03,316,33.83924856
1/15/2021 11:30,29,316,33.82768222
1/15/2021 11:30,28.87,316,33.91664181
1/15/2021 11:30,28.84,316,33.93798432
1/15/2021 11:31,28.82,316,33.95222534
1/15/2021 11:31,28.84,316,33.89851844
1/15/2021 11:31,28.83,316,33.93518951
1/15/2021 11:31,28.84,316,33.95444745
1/15/2021 11:31,28.87,316,33.91010018
1/15/2021 11:31,28.87,316,33.92655111
1/15/2021 11:32,28.87,316,33.91010088
1/15/2021 11:32,28.88,316,33.90953592
1/15/2021 11:32,28.88,316,33.90299395
1/15/2021 11:32,28.87,316,33.94627671
1/15/2021 11:32,28.87,316,33.916646
1/15/2021 11:32,28.87,316,33.95618564
1/15/2021 11:33,28.88,316,33.94243402
1/15/2021 11:33,28.87,316,33.95945889
1/15/2021 11:33,28.86,316,33.94021357
1/15/2021 11:33,28.87,316,33.96273219
1/15/2021 11:33,28.87,316,33.97591434
1/15/2021 11:33,28.87,316,33.94300715
1/15/2021 11:34,28.89,316,33.90570376
1/15/2021 11:34,28.88,316,33.94570821
1/15/2021 11:34,28.88,316,33.96879394
1/15/2021 11:34,28.88,316,33.93916548
1/15/2021 11:34,28.88,316,33.93916583
1/15/2021 11:34,28.89,316,33.9847586
1/15/2021 11:35,28.87,316,33.92982983
1/15/2021 11:35,28.89,316,33.94522907
1/15/2021 11:35,28.89,316,33.93859634
1/15/2021 11:35,28.87,316,33.93964746
1/15/2021 11:35,28.88,316,33.93916792
1/15/2021 11:35,28.88,316,33.90627241
1/15/2021 11:36,28.88,316,33.94571205
1/15/2021 11:36,28.88,316,33.93253486
1/15/2021 11:36,28.88,316,33.95561916
1/15/2021 11:36,28.88,316,33.95561951
1/15/2021 11:36,28.88,316,33.95234796
1/15/2021 11:36,28.89,316,33.90898027
1/15/2021 11:37,28.88,316,33.93253661
1/15/2021 11:37,28.89,316,33.93860018
1/15/2021 11:37,28.89,316,33.9123428
1/15/2021 11:37,28.9,316,33.89206677
1/15/2021 11:37,28.88,316,33.92272354
1/15/2021 11:37,28.89,316,33.89917078
1/15/2021 11:38,28.89,316,33.91561488
1/15/2021 11:38,28.9,316,33.89533794
1/15/2021 11:38,28.89,316,33.93860262
1/15/2021 11:38,28.9,316,33.90187834
1/15/2021 11:38,28.9,316,33.91177945
1/15/2021 11:38,28.89,316,33.94850794
1/15/2021 11:39,28.88,316,33.91609275
1/15/2021 11:39,28.89,316,33.92542967
1/15/2021 11:39,28.87,316,33.94629102
1/15/2021 11:39,28.89,316,33.93206304
1/15/2021 11:39,28.89,316,33.90898621
1/15/2021 11:39,28.89,316,33.93860576
1/15/2021 11:40,28.89,316,33.94851038
1/15/2021 11:40,28.87,316,33.92984066
1/15/2021 11:40,28.9,316,33.95793202
1/15/2021 11:40,28.93,316,33.9530296
1/15/2021 11:40,28.93,316,33.95302995
1/15/2021 11:40,28.93,316,33.9464926
1/15/2021 11:41,28.94,316,33.98550486
1/15/2021 11:41,28.97,316,33.99065989
1/15/2021 11:41,29.04,316,33.92441499
1/15/2021 11:41,29.03,316,33.9645034
1/15/2021 11:41,29.05,316,33.95029884
1/15/2021 11:41,29.05,316,33.96017524
1/15/2021 11:42,29.05,316,33.95029953
1/15/2021 11:42,29.06,316,33.93658862
1/15/2021 11:42,29.09,316,33.96157454
1/15/2021 11:42,29.06,316,33.95307581
1/15/2021 11:42,29.05,316,33.98998915
1/15/2021 11:42,29.05,316,33.97340653
1/15/2021 11:43,29.05,316,33.97340688
1/15/2021 11:43,29.05,316,33.9899902
1/15/2021 11:43,29.05,316,34.00648418
1/15/2021 11:43,29.03,316,33.99759481
1/15/2021 11:43,29.04,316,33.98051444
1/15/2021 11:43,29.01,316,34.01182467
1/15/2021 11:44,29.03,316,33.98100627
1/15/2021 11:44,29.03,316,33.971126
1/15/2021 11:44,29.01,316,34.02506775
1/15/2021 11:44,29.03,316,33.97438997
1/15/2021 11:44,29.03,316,33.97774429
1/15/2021 11:44,29.03,316,33.99424331
1/15/2021 11:45,29.03,316,34.00086162
1/15/2021 11:45,29,316,33.99908003
1/15/2021 11:45,29.03,316,33.99424436
1/15/2021 11:45,29.03,316,34.00748084
1/15/2021 11:45,29.03,316,33.97439241
1/15/2021 11:45,29.03,316,33.99759969
1/15/2021 11:46,29.03,316,34.01410026
1/15/2021 11:46,29.01,316,34.02171565
1/15/2021 11:46,29,316,34.04870504
1/15/2021 11:46,28.97,316,34.06019918
1/15/2021 11:46,28.98,316,34.01994341
1/15/2021 11:46,28.99,316,33.99957716
1/15/2021 11:47,28.95,316,34.01807527
1/15/2021 11:47,28.98,316,33.996714
1/15/2021 11:47,28.99,316,34.00620114
1/15/2021 11:47,28.97,316,34.0138164
1/15/2021 11:47,28.95,316,34.01144854
1/15/2021 11:47,28.94,316,34.02520258
1/15/2021 11:48,28.94,316,33.99550778
1/15/2021 11:48,28.94,316,33.99550812
1/15/2021 11:48,28.93,316,33.99263974
1/15/2021 11:48,28.93,316,34.02570107
1/15/2021 11:48,28.94,316,33.98552091
1/15/2021 11:48,28.95,316,34.00818239
1/15/2021 11:49,28.97,316,33.97080231
1/15/2021 11:49,28.95,316,33.97840493
1/15/2021 11:49,28.97,316,34.01708772
1/15/2021 11:49,28.98,316,33.96369244
1/15/2021 11:49,28.95,316,33.96851111
1/15/2021 11:49,28.97,316,34.0038376
1/15/2021 11:50,28.98,316,33.95707067
1/15/2021 11:50,28.99,316,33.92357122
1/15/2021 11:50,28.97,316,33.94440011
1/15/2021 11:50,28.99,316,33.94007837
1/15/2021 11:50,28.98,316,33.95380609
1/15/2021 11:50,28.98,316,33.98683134
1/15/2021 11:51,28.98,316,33.99345543
1/15/2021 11:51,28.99,316,33.97309653
1/15/2021 11:51,28.99,316,33.94343598
1/15/2021 11:51,28.99,316,33.94996681
1/15/2021 11:51,28.98,316,33.96369697
1/15/2021 11:51,28.99,316,33.97309793
1/15/2021 11:52,28.98,316,33.95707485
1/15/2021 11:52,28.94,316,33.99878548
1/15/2021 11:52,28.95,316,33.96851669
1/15/2021 11:52,28.95,316,33.95199637
1/15/2021 11:52,28.95,316,33.92240795
1/15/2021 11:52,28.95,316,33.9224083
1/15/2021 11:53,28.95,316,33.95862368
1/15/2021 11:53,28.97,316,33.96418678
1/15/2021 11:53,28.98,316,33.94065757
1/15/2021 11:53,28.98,316,33.90437499
1/15/2021 11:53,28.95,316,33.94210517
1/15/2021 11:53,28.98,316,33.94392438
1/15/2021 11:54,28.99,316,33.9104294
1/15/2021 11:54,28.98,316,33.93068089
1/15/2021 11:54,28.99,316,33.9335562
1/15/2021 11:54,28.99,316,33.92358028
1/15/2021 11:54,28.97,316,33.96092325
1/15/2021 11:54,28.97,316,33.9377861
1/15/2021 11:55,28.97,316,33.90821042
1/15/2021 11:55,28.98,316,33.9538155
1/15/2021 11:55,28.97,316,33.94441056
1/15/2021 11:55,28.98,316,33.91753102
1/15/2021 11:55,28.98,316,33.914266
1/15/2021 11:55,28.97,316,33.91474393
1/15/2021 11:56,28.98,316,33.9142667
1/15/2021 11:56,28.98,316,33.95708356
1/15/2021 11:56,28.99,316,33.95659831
1/15/2021 11:56,29,316,33.94287278
1/15/2021 11:56,28.99,316,33.96648613
1/15/2021 11:56,29,316,33.95284885
1/15/2021 11:57,29,316,33.95937878
1/15/2021 11:57,29,316,33.94287417
1/15/2021 11:57,29,316,33.93634544
1/15/2021 11:57,29.01,316,33.94239143
1/15/2021 11:57,29,316,33.92972658
1/15/2021 11:57,29,316,33.92310758
1/15/2021 11:58,29.01,316,33.91274664
1/15/2021 11:58,28.99,316,33.94345026
1/15/2021 11:58,29,316,33.94287661
1/15/2021 11:58,29,316,33.95938192
1/15/2021 11:58,29,316,33.95938227
1/15/2021 11:58,29,316,33.92646466
1/15/2021 11:59,29,316,33.95938297
1/15/2021 11:59,29,316,33.9660038
1/15/2021 11:59,28.99,316,33.93356666
1/15/2021 11:59,28.99,316,33.95660493
1/15/2021 11:59,29,316,33.93961483
1/15/2021 11:59,29.01,316,33.94239631
1/15/2021 12:00,29.03,316,33.91170381
1/15/2021 12:00,29.01,316,33.91601473
1/15/2021 12:00,29.03,316,33.89521224
1/15/2021 12:00,29.04,316,33.91784064
1/15/2021 12:00,29.03,316,33.90518064
1/15/2021 12:00,29.03,316,33.93807771
1/15/2021 12:01,29.05,316,33.90739729
1/15/2021 12:01,29.03,316,33.93481569
1/15/2021 12:01,29.04,316,33.9673193
1/15/2021 12:01,29.04,316,33.93759587
1/15/2021 12:01,29.04,316,33.9112289
1/15/2021 12:01,29.06,316,33.91353262
1/15/2021 12:02,29.06,316,33.9003099
1/15/2021 12:02,29.08,316,33.89935616
1/15/2021 12:02,29.06,316,33.90031059
1/15/2021 12:02,29.08,316,33.89274806
1/15/2021 12:02,29.06,316,33.92340691
1/15/2021 12:02,29.09,316,33.89227272
1/15/2021 12:03,29.1,316,33.90826795
1/15/2021 12:03,29.1,316,33.86211638
1/15/2021 12:03,29.1,316,33.87532782
1/15/2021 12:03,29.12,316,33.87103459
1/15/2021 12:03,29.12,316,33.84797014
1/15/2021 12:03,29.11,316,33.84852953
1/15/2021 12:04,29.1,316,33.88845063
1/15/2021 12:04,29.11,316,33.88797528
1/15/2021 12:04,29.08,316,33.89936068
1/15/2021 12:04,29.09,316,33.86919654
1/15/2021 12:04,29.08,316,33.90597038
1/15/2021 12:04,29.08,316,33.90597073
1/15/2021 12:05,29.08,316,33.88288574
1/15/2021 12:05,29.06,316,33.90031651
1/15/2021 12:05,29.06,316,33.90031686
1/15/2021 12:05,29.1,316,33.88193819
1/15/2021 12:05,29.04,316,33.95083476
1/15/2021 12:05,29.09,316,33.89888656
1/15/2021 12:06,29.09,316,33.91201217
1/15/2021 12:06,29.03,316,33.94470506
1/15/2021 12:06,29.09,316,33.93183807
1/15/2021 12:06,29.08,316,33.955503
1/15/2021 12:06,29.06,316,33.9267666
1/15/2021 12:06,29.08,316,33.96211445
1/15/2021 12:07,29.06,316,33.96309195
1/15/2021 12:07,29.1,316,33.91488352
1/15/2021 12:07,29.12,316,33.93038942
1/15/2021 12:07,29.11,316,33.91440366
1/15/2021 12:07,29.05,316,34.00327243
1/15/2021 12:07,29.1,316,33.95118117
1/15/2021 12:08,29.14,316,33.89315676
1/15/2021 12:08,29.06,316,33.93329141
1/15/2021 12:08,29.09,316,33.97484849
1/15/2021 12:08,29.08,316,33.96872888
1/15/2021 12:08,29.08,316,34.02497597
1/15/2021 12:08,29,316,34.07533714
1/15/2021 12:09,29.08,316,34.01836396
1/15/2021 12:09,29.12,316,33.97337579
1/15/2021 12:09,29.17,316,33.92137407
1/15/2021 12:09,29.22,316,33.93882599
1/15/2021 12:09,29.21,316,33.92937703
1/15/2021 12:09,29.24,316,33.86861245
1/15/2021 12:10,29.25,316,33.88465233
1/15/2021 12:10,29.26,316,33.87091069
1/15/2021 12:10,29.26,316,33.86766293
1/15/2021 12:10,29.26,316,33.87424977
1/15/2021 12:10,29.26,316,33.91052457
1/15/2021 12:10,29.26,316,33.90068869
1/15/2021 12:11,29.26,316,33.87758924
1/15/2021 12:11,29.24,316,33.92142245
1/15/2021 12:11,29.24,316,33.9049022
1/15/2021 12:11,29.2,316,33.94974412
1/15/2021 12:11,29.19,316,33.93369571
1/15/2021 12:11,29.16,316,33.98805376
1/15/2021 12:12,29.21,316,33.91953588
1/15/2021 12:12,29.21,316,33.91953622
1/15/2021 12:12,29.19,316,33.95683232
1/15/2021 12:12,29.19,316,33.9237573
1/15/2021 12:12,29.16,316,33.93841009
1/15/2021 12:12,29.14,316,33.96579593
1/15/2021 12:13,29.12,316,33.95682316
1/15/2021 12:13,29.1,316,33.98758531
1/15/2021 12:13,29.1,316,33.99419501
1/15/2021 12:13,29.11,316,33.98048417
1/15/2021 12:13,29.1,316,33.97101862
1/15/2021 12:13,29.1,316,33.96115136
1/15/2021 12:14,29.12,316,33.97999239
1/15/2021 12:14,29.17,316,33.91153136
1/15/2021 12:14,29.28,316,33.84696916
1/15/2021 12:14,29.27,316,33.85402617
1/15/2021 12:14,29.28,316,33.87664213
1/15/2021 12:14,29.3,316,33.85594252
1/15/2021 12:15,29.27,316,33.85068975
1/15/2021 12:15,29.3,316,33.79663008
1/15/2021 12:15,29.31,316,33.8159026
1/15/2021 12:15,29.32,316,33.82534753
1/15/2021 12:15,29.3,316,33.83944668
1/15/2021 12:15,29.31,316,33.84889042
1/15/2021 12:16,29.32,316,33.80561573
1/15/2021 12:16,29.27,316,33.84086051
1/15/2021 12:16,29.3,316,33.81312674
1/15/2021 12:16,29.31,316,33.8126607
1/15/2021 12:16,29.31,316,33.82248429
1/15/2021 12:16,29.31,316,33.82906376
1/15/2021 12:17,29.31,316,33.81266174
1/15/2021 12:17,29.33,316,33.80515269
1/15/2021 12:17,29.33,316,33.78866837
1/15/2021 12:17,29.33,316,33.81497273
1/15/2021 12:17,29.35,316,33.78450222
1/15/2021 12:17,29.33,316,33.7722761
1/15/2021 12:18,29.32,316,33.7891322
1/15/2021 12:18,29.32,316,33.81877525
1/15/2021 12:18,29.33,316,33.80515511
1/15/2021 12:18,29.33,316,33.81173167
1/15/2021 12:18,29.33,316,33.7985798
1/15/2021 12:18,29.35,316,33.78117311
1/15/2021 12:19,29.36,316,33.78404272
1/15/2021 12:19,29.36,316,33.75118621
1/15/2021 12:19,29.36,316,33.78404342
1/15/2021 12:19,29.36,316,33.79061575
1/15/2021 12:19,29.33,316,33.80515788
1/15/2021 12:19,29.35,316,33.8141327
1/15/2021 12:20,29.35,316,33.73516965
1/15/2021 12:20,29.33,316,33.82822159
1/15/2021 12:20,29.32,316,33.80562472
1/15/2021 12:20,29.33,316,33.81173582
1/15/2021 12:20,29.35,316,33.77460403
1/15/2021 12:20,29.36,316,33.77747475
1/15/2021 12:21,29.37,316,33.72769606
1/15/2021 12:21,29.37,316,33.72769641
1/15/2021 12:21,29.36,316,33.75776167
1/15/2021 12:21,29.37,316,33.7408354
1/15/2021 12:21,29.37,316,33.74083574
1/15/2021 12:21,29.38,316,33.72400661
1/15/2021 12:22,29.38,316,33.72400696
1/15/2021 12:22,29.39,316,33.7267937
1/15/2021 12:22,29.37,316,33.77368644
1/15/2021 12:22,29.38,316,33.73057574
1/15/2021 12:22,29.39,316,33.72355647
1/15/2021 12:22,29.38,316,33.7863655
1/15/2021 12:23,29.37,316,33.80663226
1/15/2021 12:23,29.38,316,33.76665837
1/15/2021 12:23,29.32,316,33.84185431
1/15/2021 12:23,29.32,316,33.80229762
1/15/2021 12:23,29.25,316,33.85823973
1/15/2021 12:23,29.3,316,33.84938007
1/15/2021 12:24,29.31,316,33.79294104
1/15/2021 12:24,29.31,316,33.82583447
1/15/2021 12:24,29.22,316,33.90255127
1/15/2021 12:24,29.27,316,33.86387924
1/15/2021 12:24,29.16,316,33.94169018
1/15/2021 12:24,29.22,316,33.89921107
1/15/2021 12:25,29.31,316,33.8455745
1/15/2021 12:25,29.28,316,33.8601588
1/15/2021 12:25,29.21,316,33.92281548
1/15/2021 12:25,29.19,316,33.96345737
1/15/2021 12:25,29.19,316,33.92044132
1/15/2021 12:25,29.14,316,33.91625527
1/15/2021 12:26,29.12,316,33.93703352
1/15/2021 12:26,29.14,316,33.95587307
1/15/2021 12:26,28.99,316,34.00954888
1/15/2021 12:26,29.03,316,33.9910668
1/15/2021 12:26,29.08,316,33.98198934
1/15/2021 12:26,29.27,316,33.88373045
1/15/2021 12:27,29.31,316,33.8521585
1/15/2021 12:27,29.35,316,33.82729634
1/15/2021 12:27,29.38,316,33.81274478
1/15/2021 12:27,29.38,316,33.78970499
1/15/2021 12:27,29.39,316,33.81884667
1/15/2021 12:27,29.39,316,33.81227772
1/15/2021 12:28,29.37,316,33.87587866
1/15/2021 12:28,29.42,316,33.86043582
1/15/2021 12:28,29.43,316,33.82038669
1/15/2021 12:28,29.44,316,33.82000634
1/15/2021 12:28,29.46,316,33.82239054
1/15/2021 12:28,29.44,316,33.82000703
1/15/2021 12:29,29.41,316,33.85101787
1/15/2021 12:29,29.36,316,33.91599271
1/15/2021 12:29,29.37,316,33.87921325
1/15/2021 12:29,29.44,316,33.86622772
1/15/2021 12:29,29.43,316,33.88982481
1/15/2021 12:29,29.44,316,33.8827763
1/15/2021 12:30,29.43,316,33.83028239
1/15/2021 12:30,29.47,316,33.8516688
1/15/2021 12:30,29.48,316,33.83474831
1/15/2021 12:30,29.47,316,33.82201256
1/15/2021 12:30,29.46,316,33.79273651
1/15/2021 12:30,29.46,316,33.83560774
1/15/2021 12:31,29.46,316,33.7927372
1/15/2021 12:31,29.44,316,33.82657547
1/15/2021 12:31,29.41,316,33.86091996
1/15/2021 12:31,29.38,316,33.84902874
1/15/2021 12:31,29.42,316,33.82743008
1/15/2021 12:31,29.42,316,33.84398126
1/15/2021 12:32,29.43,316,33.83028654
1/15/2021 12:32,29.48,316,33.81166131
1/15/2021 12:32,29.47,316,33.81869145
1/15/2021 12:32,29.47,316,33.79559858
1/15/2021 12:32,29.43,316,33.85672947
1/15/2021 12:32,29.39,316,33.85845748
1/15/2021 12:33,29.32,316,33.88801858
1/15/2021 12:33,29.33,316,33.8678033
1/15/2021 12:33,29.36,316,33.85322358
1/15/2021 12:33,29.42,316,33.86044688
1/15/2021 12:33,29.33,316,33.88096085
1/15/2021 12:33,29.47,316,33.8153697
1/15/2021 12:34,29.48,316,33.83143139
1/15/2021 12:34,29.47,316,33.77251134
1/15/2021 12:34,29.5,316,33.79429088
1/15/2021 12:34,29.39,316,33.80572245
1/15/2021 12:34,29.5,316,33.72847638
1/15/2021 12:34,29.47,316,33.76595434
1/15/2021 12:35,29.52,316,33.73088667
1/15/2021 12:35,29.46,316,33.79607093
1/15/2021 12:35,29.5,316,33.76798237
1/15/2021 12:35,29.54,316,33.73329438
1/15/2021 12:35,29.53,316,33.77655654
1/15/2021 12:35,29.55,316,33.71642425
1/15/2021 12:36,29.49,316,33.75847775
1/15/2021 12:36,29.55,316,33.72629093
1/15/2021 12:36,29.53,316,33.75681458
1/15/2021 12:36,29.53,316,33.74030373
1/15/2021 12:36,29.46,316,33.7795389
1/15/2021 12:36,29.43,316,33.82373165
1/15/2021 12:37,29.41,316,33.80479342
1/15/2021 12:37,29.39,316,33.79259041
1/15/2021 12:37,29.39,316,33.82552622
1/15/2021 12:37,29.38,316,33.82590708
1/15/2021 12:37,29.37,316,33.77371825
1/15/2021 12:37,29.37,316,33.81647535
1/15/2021 12:38,29.38,316,33.7732582
1/15/2021 12:38,29.35,316,33.8701923
1/15/2021 12:38,29.32,316,33.91777636
1/15/2021 12:38,29.52,316,33.85289045
1/15/2021 12:38,29.57,316,33.74188192
1/15/2021 12:38,29.59,316,33.77072414
1/15/2021 12:39,29.58,316,33.77773496
1/15/2021 12:39,29.59,316,33.7542304
1/15/2021 12:39,29.58,316,33.75137541
1/15/2021 12:39,29.58,316,33.75137576
1/15/2021 12:39,29.57,316,33.78143093
1/15/2021 12:39,29.58,316,33.75792137
1/15/2021 12:40,29.59,316,33.76740964
1/15/2021 12:40,29.6,316,33.75386003
1/15/2021 12:40,29.6,316,33.77689495
1/15/2021 12:40,29.59,316,33.73451325
1/15/2021 12:40,29.57,316,33.79138816
1/15/2021 12:40,29.58,316,33.72502156
1/15/2021 12:41,29.58,316,33.74151703
1/15/2021 12:41,29.6,316,33.73737196
1/15/2021 12:41,29.62,316,33.6970404
1/15/2021 12:41,29.58,316,33.7744225
1/15/2021 12:41,29.62,316,33.70366918
1/15/2021 12:41,29.63,316,33.69990255
1/15/2021 12:42,29.64,316,33.69953939
1/15/2021 12:42,29.64,316,33.69953974
1/15/2021 12:42,29.64,316,33.66668284
1/15/2021 12:42,29.64,316,33.69954043
1/15/2021 12:42,29.64,316,33.69954077
1/15/2021 12:42,29.65,316,33.67608256
1/15/2021 12:43,29.65,316,33.64985805
1/15/2021 12:43,29.65,316,33.6728609
1/15/2021 12:43,29.65,316,33.67939549
1/15/2021 12:43,29.66,316,33.68225744
1/15/2021 12:43,29.65,316,33.70571422
1/15/2021 12:43,29.64,316,33.7290922
1/15/2021 12:44,29.65,316,33.69586763
1/15/2021 12:44,29.66,316,33.68888167
1/15/2021 12:44,29.65,316,33.65317229
1/15/2021 12:44,29.66,316,33.23060666
1/15/2021 12:44,29.66,316,33.24025216
1/15/2021 12:44,29.66,316,33.23060735
1/15/2021 12:45,29.64,316,33.22196352
1/15/2021 12:45,29.62,316,33.25817712
1/15/2021 12:45,29.62,316,33.24217886
1/15/2021 12:45,29.63,316,33.19668884
1/15/2021 12:45,29.63,316,33.2288536
1/15/2021 12:45,29.68,316,33.21041221
1/15/2021 12:46,29.6,316,33.23987884
1/15/2021 12:46,29.59,316,33.28532098
1/15/2021 12:46,29.57,316,33.26701706
1/15/2021 12:46,29.52,316,33.2886698
1/15/2021 12:46,29.57,316,33.25091459
1/15/2021 12:46,29.49,316,33.31587278
1/15/2021 12:47,29.39,316,33.37551273
1/15/2021 12:47,29.58,316,33.26333637
1/15/2021 12:47,29.6,316,33.64545783
1/15/2021 12:47,29.57,316,33.6532379
1/15/2021 12:47,29.59,316,33.63604569
1/15/2021 12:47,29.59,316,33.65898232
1/15/2021 12:48,29.55,316,33.65412491
1/15/2021 12:48,29.6,316,33.61267661
1/15/2021 12:48,29.62,316,33.63803815
1/15/2021 12:48,29.46,316,33.67454156
1/15/2021 12:48,29.6,316,33.64546058
1/15/2021 12:48,29.59,316,33.60335029
1/15/2021 12:49,29.52,316,33.68820206
1/15/2021 12:49,29.54,316,33.71035759
1/15/2021 12:49,29.58,316,33.68237293
1/15/2021 12:49,29.57,316,33.64669917
1/15/2021 12:49,29.63,316,33.62452896
1/15/2021 12:49,29.62,316,33.66096535
1/15/2021 12:50,29.65,316,33.64002783
1/15/2021 12:50,29.68,316,33.62895065
1/15/2021 12:50,29.69,316,33.59578256
1/15/2021 12:50,29.7,316,33.63799342
1/15/2021 12:50,29.69,316,33.5990915
1/15/2021 12:50,29.63,316,33.63760177
1/15/2021 12:51,29.65,316,33.66625352
1/15/2021 12:51,29.7,316,33.63799479
1/15/2021 12:51,29.73,316,33.61048257
1/15/2021 12:51,29.62,316,33.66096879
1/15/2021 12:51,29.54,316,33.67753424
1/15/2021 12:51,29.53,316,33.71736548
1/15/2021 12:52,29.54,316,33.70049642
1/15/2021 12:52,29.73,316,33.64989289
1/15/2021 12:52,29.63,316,33.66383764
1/15/2021 12:52,29.74,316,33.61665708
1/15/2021 12:52,29.77,316,33.60560354
1/15/2021 12:52,29.79,316,33.56224484
1/15/2021 12:53,29.77,316,33.60560423
1/15/2021 12:53,29.79,316,33.60151336
1/15/2021 12:53,29.79,316,33.60151371
1/15/2021 12:53,29.77,316,33.60560525
1/15/2021 12:53,29.62,316,33.67736194
1/15/2021 12:53,29.63,316,33.67700312
1/15/2021 12:54,29.69,316,33.62198936
1/15/2021 12:54,29.47,316,33.73967308
1/15/2021 12:54,29.63,316,33.68354088
1/15/2021 12:54,29.74,316,33.59370203
1/15/2021 12:54,29.69,316,33.61868212
1/15/2021 12:54,29.62,316,33.63805157
1/15/2021 12:55,29.41,316,33.74897711
1/15/2021 12:55,29.36,316,33.76764369
1/15/2021 12:55,29.33,316,33.8216278
1/15/2021 12:55,29.36,316,33.8005038
1/15/2021 12:55,29.41,316,33.78513327
1/15/2021 12:55,29.42,316,33.79779986
1/15/2021 12:56,29.49,316,33.75851915
1/15/2021 12:56,29.48,316,33.76553696
1/15/2021 12:56,29.5,316,33.76138136
1/15/2021 12:56,29.64,316,33.66671207
1/15/2021 12:56,29.7,316,25.83674881
1/15/2021 12:56,29.75,316,33.67536637
1/15/2021 12:57,29.76,316,33.65195827
1/15/2021 12:57,29.77,316,33.61543463
1/15/2021 12:57,29.76,316,33.65195895
1/15/2021 12:57,29.68,316,33.67494388
1/15/2021 12:57,29.65,316,33.66626727
1/15/2021 12:57,29.62,316,33.69385006
1/15/2021 12:58,29.59,316,33.73123305
1/15/2021 12:58,29.75,316,33.67536912
1/15/2021 12:58,29.75,316,33.66554131
1/15/2021 12:58,29.5,316,33.75815347
1/15/2021 12:58,29.63,316,33.7328952
1/15/2021 12:58,29.57,316,33.7419236
1/15/2021 12:59,29.71,316,33.66385204
1/15/2021 12:59,29.65,316,33.67942816
1/15/2021 12:59,29.63,316,33.70987924
1/15/2021 12:59,29.69,316,33.6613504
1/15/2021 12:59,29.74,316,33.63963349
1/15/2021 12:59,29.71,316,33.68021612
1/15/2021 13:00,29.58,316,33.72183401
1/15/2021 13:00,29.64,316,33.67987983
1/15/2021 13:00,29.41,316,33.77524923
1/15/2021 13:00,29.7,316,33.71689146
1/15/2021 13:00,29.69,316,33.68434
1/15/2021 13:00,29.65,316,33.70574964
1/15/2021 13:01,29.65,316,33.71228524
1/15/2021 13:01,29.62,316,33.73989893
1/15/2021 13:01,29.62,316,33.71687702
1/15/2021 13:01,29.6,316,33.71438368
1/15/2021 13:01,29.57,316,33.72883845
1/15/2021 13:01,29.58,316,33.7612842
1/15/2021 13:02,29.55,316,33.74284849
1/15/2021 13:02,29.55,316,33.73298207
1/15/2021 13:02,29.58,316,33.73492705
1/15/2021 13:02,29.62,316,33.74644153
1/15/2021 13:02,29.65,316,33.71891367
1/15/2021 13:02,29.65,316,33.71891402
1/15/2021 13:03,29.64,316,33.69626992
1/15/2021 13:03,29.63,316,33.7164249
1/15/2021 13:03,29.62,316,33.71688115
1/15/2021 13:03,29.58,316,33.74488063
1/15/2021 13:03,29.57,316,33.74193359
1/15/2021 13:03,29.59,316,33.74442118
1/15/2021 13:04,29.49,316,33.79481955
1/15/2021 13:04,29.39,316,33.81235308
1/15/2021 13:04,29.27,316,33.86071465
1/15/2021 13:04,29.22,316,33.8894508
1/15/2021 13:04,29.28,316,33.84049053
1/15/2021 13:04,29.33,316,33.85462327
1/15/2021 13:05,29.36,316,33.81700015
1/15/2021 13:05,29.39,316,33.8024566
1/15/2021 13:05,29.41,316,33.77525959
1/15/2021 13:05,29.41,316,33.77525994
1/15/2021 13:05,29.41,316,33.78839204
1/15/2021 13:05,29.35,316,33.79117538
1/15/2021 13:06,29.33,316,33.85138195
1/15/2021 13:06,29.35,316,33.82404509
1/15/2021 13:06,29.32,316,33.82545311
1/15/2021 13:06,29.32,316,33.81887563
1/15/2021 13:06,29.31,316,33.82592275
1/15/2021 13:06,29.3,316,33.84946942
1/15/2021 13:07,29.25,316,33.81880983
1/15/2021 13:07,29.21,316,33.88659314
1/15/2021 13:07,29.24,316,33.86539256
1/15/2021 13:07,29.22,316,33.85650043
1/15/2021 13:07,29.22,316,33.85650078
1/15/2021 13:07,29.21,316,33.84704058
1/15/2021 13:08,29.22,316,33.87293399
1/15/2021 13:08,29.24,316,33.85221731
1/15/2021 13:08,29.22,316,33.85975245
1/15/2021 13:08,29.21,316,33.86356703
1/15/2021 13:08,29.2,316,33.87063439
1/15/2021 13:08,29.22,316,33.8499125
1/15/2021 13:09,29.22,316,33.84991284
1/15/2021 13:09,29.19,316,33.82829295
1/15/2021 13:09,29.15,316,33.87300711
1/15/2021 13:09,29.12,316,33.91070477
1/15/2021 13:09,29.14,316,33.88668388
1/15/2021 13:09,29.19,316,33.90734095
1/15/2021 13:10,29.22,316,33.87293815
1/15/2021 13:10,29.24,316,33.84238438
1/15/2021 13:10,29.3,316,33.95191344
1/15/2021 13:10,29.37,316,33.89911063
1/15/2021 13:10,29.39,316,33.91479885
1/15/2021 13:10,29.42,316,33.88040654
1/15/2021 13:11,29.42,316,33.89363277
1/15/2021 13:11,29.48,316,33.86125113
1/15/2021 13:11,29.49,316,33.89392851
1/15/2021 13:11,29.49,316,33.87739503
1/15/2021 13:11,29.53,316,33.83273012
1/15/2021 13:11,29.43,316,33.87992725
1/15/2021 13:12,29.39,316,33.91480161
1/15/2021 13:12,29.39,316,33.90156759
1/15/2021 13:12,29.36,316,33.90284071
1/15/2021 13:12,29.33,316,33.91745147
1/15/2021 13:12,29.33,316,33.91745182
1/15/2021 13:12,29.33,316,33.93394685
1/15/2021 13:13,29.33,316,33.91078289
1/15/2021 13:13,29.35,316,33.88017387
1/15/2021 13:13,29.37,316,33.91235552
1/15/2021 13:13,29.41,316,33.87090514
1/15/2021 13:13,29.43,316,33.87993105
1/15/2021 13:13,29.52,316,33.88933378
1/15/2021 13:14,29.6,316,33.82322051
1/15/2021 13:14,29.63,316,33.82860589
1/15/2021 13:14,29.7,316,33.80262751
1/15/2021 13:14,29.74,316,33.77462546
1/15/2021 13:14,29.77,316,33.78009893
1/15/2021 13:14,29.77,316,33.78009927
1/15/2021 13:15,29.8,316,33.75912862
1/15/2021 13:15,29.81,316,33.75214351
1/15/2021 13:15,29.82,316,33.72204221
1/15/2021 13:15,29.84,316,33.7312025
1/15/2021 13:15,29.81,316,33.75214454
1/15/2021 13:15,29.82,316,33.73195092
1/15/2021 13:16,29.85,316,33.69452329
1/15/2021 13:16,29.87,316,33.7102841
1/15/2021 13:16,29.91,316,33.6824255
1/15/2021 13:16,29.91,316,33.68242584
1/15/2021 13:16,29.86,316,33.69415697
1/15/2021 13:16,29.81,316,33.74553995
1/15/2021 13:17,29.73,316,33.74532369
1/15/2021 13:17,29.73,316,33.75855723
1/15/2021 13:17,29.73,316,33.73870809
1/15/2021 13:17,29.73,316,33.7288738
1/15/2021 13:17,29.74,316,33.69882846
1/15/2021 13:17,29.73,316,33.72225871
1/15/2021 13:18,29.73,316,33.72225906
1/15/2021 13:18,29.74,316,33.7383369
1/15/2021 13:18,29.74,316,33.74495232
1/15/2021 13:18,29.76,316,33.72436652
1/15/2021 13:18,29.77,316,33.6712934
1/15/2021 13:18,29.77,316,33.68772835
1/15/2021 13:19,29.79,316,33.65735728
1/15/2021 13:19,29.79,316,33.71003765
1/15/2021 13:19,29.76,316,33.66183
1/15/2021 13:19,29.76,316,33.65200459
1/15/2021 13:19,29.8,316,33.6569991
1/15/2021 13:19,29.79,316,33.6639656
1/15/2021 13:20,29.77,316,33.65486281
1/15/2021 13:20,29.8,316,33.68003069
1/15/2021 13:20,29.84,316,33.60945123
1/15/2021 13:20,29.81,316,33.64022072
1/15/2021 13:20,29.75,316,33.6918563
1/15/2021 13:20,29.7,316,33.68723909
1/15/2021 13:21,29.63,316,33.68690913
1/15/2021 13:21,29.64,316,33.66676297
1/15/2021 13:21,29.65,316,33.66631609
1/15/2021 13:21,29.58,316,33.65949641
1/15/2021 13:21,29.54,316,33.70387661
1/15/2021 13:21,29.54,316,33.73670956
1/15/2021 13:22,29.53,316,33.70755873
1/15/2021 13:22,29.55,316,33.74943839
1/15/2021 13:22,29.58,316,33.72188015
1/15/2021 13:22,29.59,316,33.72142455
1/15/2021 13:22,29.66,316,33.6921831
1/15/2021 13:22,29.6,316,33.68485947
1/15/2021 13:23,29.6,316,33.68485982
1/15/2021 13:23,29.58,316,33.69884499
1/15/2021 13:23,29.53,316,33.73053038
1/15/2021 13:23,29.54,316,33.7038804
1/15/2021 13:23,29.5,316,33.69249136
1/15/2021 13:23,29.5,316,33.75156173
1/15/2021 13:24,29.5,316,33.6990446
1/15/2021 13:24,29.58,316,33.70870689
1/15/2021 13:24,29.54,316,5.09448831
1/15/2021 13:24,29.53,316,33.69446557
1/15/2021 13:24,29.62,316,33.69390545
1/15/2021 13:24,29.62,316,33.65450039
1/15/2021 13:25,29.65,316,33.64010002
1/15/2021 13:25,29.74,316,33.60359175
1/15/2021 13:25,29.76,316,33.58315984
1/15/2021 13:25,29.76,316,33.57985634
1/15/2021 13:25,29.74,316,33.57741937
1/15/2021 13:25,29.68,316,33.59629099
1/15/2021 13:26,29.65,316,33.59428567
1/15/2021 13:26,29.62,316,33.63157974
1/15/2021 13:26,29.65,316,33.610661
1/15/2021 13:26,29.68,316,33.59629236
1/15/2021 13:26,29.69,316,33.56644303
1/15/2021 13:26,29.73,316,33.5386383
1/15/2021 13:27,29.7,316,33.52034391
1/15/2021 13:27,29.73,316,33.54515968
1/15/2021 13:27,29.74,316,33.53169414
1/15/2021 13:27,29.74,316,33.52517538
1/15/2021 13:27,29.75,316,33.51823435
1/15/2021 13:27,29.76,316,33.5341484
1/15/2021 13:28,29.77,316,33.5108745
1/15/2021 13:28,29.76,316,33.51781275
1/15/2021 13:28,29.77,316,33.50436024
1/15/2021 13:28,29.75,316,33.47913403
1/15/2021 13:28,29.76,316,33.52433031
1/15/2021 13:28,29.75,316,33.42058451
1/15/2021 13:29,29.76,316,33.39742891
1/15/2021 13:29,29.77,316,33.40023955
1/15/2021 13:29,29.76,316,33.41687938
1/15/2021 13:29,29.74,316,33.40474642
1/15/2021 13:29,29.75,316,33.404345
1/15/2021 13:29,29.74,316,33.41777805
1/15/2021 13:30,29.75,316,33.38159223
1/15/2021 13:30,29.74,316,33.38850487
1/15/2021 13:30,29.73,316,33.38577981
1/15/2021 13:30,29.7,316,33.35143231
1/15/2021 13:30,29.7,316,33.41617926
1/15/2021 13:30,29.73,316,33.38247831
1/15/2021 13:31,29.75,316,33.37517023
1/15/2021 13:31,29.76,316,33.35532807
1/15/2021 13:31,29.75,316,33.36223417
1/15/2021 13:31,29.77,316,33.35484633
1/15/2021 13:31,29.79,316,33.31198586
1/15/2021 13:31,29.8,316,33.30179779
1/15/2021 13:32,29.8,316,33.29217443
1/15/2021 13:32,29.8,316,33.28567012
1/15/2021 13:32,29.8,316,33.2792551
1/15/2021 13:32,29.79,316,33.27963561
1/15/2021 13:32,29.79,316,33.23775515
1/15/2021 13:32,29.79,316,33.26350674
1/15/2021 13:33,29.77,316,33.27085773
1/15/2021 13:33,29.79,316,33.23775617
1/15/2021 13:33,29.77,316,33.23867942
1/15/2021 13:33,29.77,316,33.25151511
1/15/2021 13:33,29.79,316,33.24746924
1/15/2021 13:33,29.76,316,33.28416622
1/15/2021 13:34,29.77,316,33.22896566
1/15/2021 13:34,29.82,316,33.22684471
1/15/2021 13:34,29.82,316,33.17858737
1/15/2021 13:34,29.79,316,33.2023895
1/15/2021 13:34,29.75,316,33.19770158
1/15/2021 13:34,29.73,316,33.17934679
1/15/2021 13:35,29.75,316,33.14324093
1/15/2021 13:35,29.79,316,33.10940757
1/15/2021 13:35,29.76,316,33.1235518
1/15/2021 13:35,29.74,316,33.17247941
1/15/2021 13:35,29.76,316,33.13638311
1/15/2021 13:35,29.77,316,33.19367789
1/15/2021 13:36,29.8,316,33.08974171
1/15/2021 13:36,29.81,316,33.09571552
1/15/2021 13:36,29.81,316,33.0573574
1/15/2021 13:36,29.82,316,33.04411656
1/15/2021 13:36,29.84,316,33.07519331
1/15/2021 13:36,29.81,316,33.02550222
1/15/2021 13:37,29.81,316,33.04774801
1/15/2021 13:37,29.8,316,33.07692556
1/15/2021 13:37,29.8,316,33.05458435
1/15/2021 13:37,29.82,316,33.04732152
1/15/2021 13:37,29.81,316,32.99996907
1/15/2021 13:37,29.79,316,32.91520753
1/15/2021 13:38,29.77,316,32.95419551
1/15/2021 13:38,29.79,316,32.94688114
1/15/2021 13:38,29.79,316,32.89928493
1/15/2021 13:38,29.75,316,32.92652349
1/15/2021 13:38,29.73,316,32.95610115
1/15/2021 13:38,29.68,316,33.19133033
1/15/2021 13:39,29.7,316,32.93843473
1/15/2021 13:39,29.7,316,32.9163354
1/15/2021 13:39,29.73,316,32.78541413
1/15/2021 13:39,29.73,316,32.71013154
1/15/2021 13:39,29.77,316,32.71436356
1/15/2021 13:39,29.85,316,32.53235105
1/15/2021 13:40,29.87,316,33.74992882
1/15/2021 13:40,29.87,316,33.76321858
1/15/2021 13:40,29.86,316,33.73380543
1/15/2021 13:40,29.93,316,33.66197005
1/15/2021 13:40,29.97,316,33.67368575
1/15/2021 13:40,30.03,316,33.65512656
1/15/2021 13:41,30.06,316,33.68370826
1/15/2021 13:41,30.11,316,33.63587286
1/15/2021 13:41,30.18,316,33.60717949
1/15/2021 13:41,30.23,316,33.59891627
1/15/2021 13:41,30.23,316,33.58581143
1/15/2021 13:41,30.28,316,33.57429507
1/15/2021 13:42,30.34,316,33.55925666
1/15/2021 13:42,30.39,316,33.51493543
1/15/2021 13:42,30.4,316,33.53109103
1/15/2021 13:42,30.44,316,33.50358418
1/15/2021 13:42,30.45,316,33.5197251
1/15/2021 13:42,30.45,316,33.49019018
1/15/2021 13:43,30.46,316,33.46032012
1/15/2021 13:43,30.49,316,33.49559492
1/15/2021 13:43,30.51,316,33.4818687
1/15/2021 13:43,30.53,316,33.44509096
1/15/2021 13:43,30.66,316,33.44489528
1/15/2021 13:43,30.78,316,33.37937606
1/15/2021 13:44,30.89,316,33.34057187
1/15/2021 13:44,30.93,316,33.35279984
1/15/2021 13:44,30.96,316,33.31933195
1/15/2021 13:44,31,316,33.32169327
1/15/2021 13:44,31.09,316,33.27712107
1/15/2021 13:44,31.13,316,33.24355796
1/15/2021 13:45,31.15,316,33.23988286
1/15/2021 13:45,31.15,316,33.23005613
1/15/2021 13:45,31.16,316,33.23313372
1/15/2021 13:45,31.17,316,33.21656359
1/15/2021 13:45,31.2,316,33.21267419
1/15/2021 13:45,31.24,316,33.19553957
1/15/2021 13:46,31.26,316,33.19518093
1/15/2021 13:46,31.31,316,33.17134836
1/15/2021 13:46,31.36,316,33.13776717
1/15/2021 13:46,31.38,316,33.10149846
1/15/2021 13:46,31.43,316,33.07779282
1/15/2021 13:46,31.44,316,33.12661355
1/15/2021 13:47,31.48,316,33.0737357
1/15/2021 13:47,31.48,316,33.08349884
1/15/2021 13:47,31.5,316,33.05389149
1/15/2021 13:47,31.5,316,33.07669102
1/15/2021 13:47,31.53,316,33.01755079
1/15/2021 13:47,31.51,316,32.96909203
1/15/2021 13:48,31.4,316,32.8837524
1/15/2021 13:48,31.37,316,32.87466623
1/15/2021 13:48,31.4,316,32.85471221
1/15/2021 13:48,31.6,316,32.71583834
1/15/2021 13:48,31.61,316,32.73488196
1/15/2021 13:48,31.73,316,32.65579312
1/15/2021 13:49,31.73,316,32.66223181
1/15/2021 13:49,31.85,316,32.54509084
1/15/2021 13:49,31.89,316,32.51251829
1/15/2021 13:49,31.91,316,32.48671575
1/15/2021 13:49,31.82,316,32.52961109
1/15/2021 13:49,31.77,316,32.54006283
1/15/2021 13:50,31.82,316,32.53603605
1/15/2021 13:50,31.8,316,32.54270288
1/15/2021 13:50,31.88,316,32.46182192
1/15/2021 13:50,31.82,316,32.52327429
1/15/2021 13:50,31.83,316,32.5071429
1/15/2021 13:50,31.83,316,32.55176217
1/15/2021 13:51,31.83,316,32.50080691
1/15/2021 13:51,31.85,316,32.47181923
1/15/2021 13:51,31.86,316,32.50345959
1/15/2021 13:51,31.91,316,32.42636302
1/15/2021 13:51,31.85,316,32.47182021
1/15/2021 13:51,31.83,316,32.48488216
1/15/2021 13:52,31.87,316,32.44285616
1/15/2021 13:52,31.92,316,32.38814797
1/15/2021 13:52,31.93,316,32.39744945
1/15/2021 13:52,31.94,316,32.4353674
01/00/1900 00:00:00,31.93,316,32.41334194
