date,Temperature,Salinity
2021-01-16T08:16:00Z,23.59,34.04743532
2021-01-16T08:16:10Z,23.6,33.96974177
2021-01-16T08:16:20Z,23.61,33.93467634
2021-01-16T08:16:30Z,23.6,33.91809127
2021-01-16T08:16:40Z,23.6,33.8757202
2021-01-16T08:16:50Z,23.59,33.85311493
2021-01-16T08:17:00Z,23.59,33.81981172
2021-01-16T08:17:10Z,23.59,33.8138039
2021-01-16T08:17:20Z,23.57,33.82000744
2021-01-16T08:17:30Z,23.56,33.80054108
2021-01-16T08:17:40Z,23.56,33.78546254
2021-01-16T08:17:50Z,23.55,33.781069
2021-01-16T08:18:00Z,23.55,33.75396579
2021-01-16T08:18:10Z,23.55,33.73898941
2021-01-16T08:18:20Z,23.54,33.74355367
2021-01-16T08:18:30Z,23.54,33.73458699
2021-01-16T08:18:40Z,23.54,33.74956714
2021-01-16T08:18:50Z,23.53,33.71815673
2021-01-16T08:19:00Z,23.53,33.73313869
2021-01-16T08:19:10Z,23.53,33.71815787
2021-01-16T08:19:20Z,23.53,33.71214579
2021-01-16T08:19:30Z,23.51,33.71841086
2021-01-16T08:19:40Z,23.53,33.73018537
2021-01-16T09:37:00Z,29.09,34.18526849
2021-01-16T09:37:10Z,29.06,34.00566368
2021-01-16T09:37:20Z,29.01,33.81267857
2021-01-16T09:37:30Z,29,33.72580183
2021-01-16T09:37:40Z,28.94,33.73579481
2021-01-16T09:37:50Z,28.99,33.62643286
2021-01-16T09:38:00Z,28.93,33.54976959
2021-01-16T09:38:10Z,28.83,33.34912918
2021-01-16T09:38:20Z,28.87,33.33387147
2021-01-16T09:38:30Z,28.88,33.2794543
2021-01-16T09:38:40Z,28.84,33.10608101
2021-01-16T09:38:50Z,28.89,33.20945287
2021-01-16T09:39:00Z,28.88,33.19748245
2021-01-16T09:39:10Z,28.81,33.14567151
2021-01-16T09:39:20Z,28.88,33.17240159
2021-01-16T09:39:30Z,28.88,33.43798065
2021-01-16T09:39:40Z,28.73,32.83424268
2021-01-16T09:39:50Z,28.73,32.67151418
2021-01-16T09:40:00Z,28.75,33.01554885
2021-01-16T09:40:10Z,28.75,32.57845531
2021-01-16T09:40:20Z,28.72,32.57765087
2021-01-16T09:40:30Z,28.78,32.50327991
2021-01-16T09:40:40Z,28.65,31.77569361
2021-01-16T09:40:50Z,28.6,31.17996735
2021-01-16T09:41:00Z,28.56,31.27987445
2021-01-16T09:41:10Z,28.62,31.56934134
2021-01-16T09:41:20Z,28.66,31.55447006
2021-01-16T09:41:30Z,28.66,32.22653717
2021-01-16T09:41:40Z,28.61,32.4738595
2021-01-16T09:41:50Z,28.55,32.58156565
2021-01-16T09:42:00Z,28.57,32.93862776
2021-01-16T09:42:10Z,28.56,33.22275717
2021-01-16T09:42:20Z,28.61,33.29145512
2021-01-16T09:42:30Z,28.65,33.26670315
2021-01-16T09:42:40Z,28.66,33.33216347
2021-01-16T09:42:50Z,28.63,33.36898467
2021-01-16T09:43:00Z,28.54,33.50841203
2021-01-16T09:43:10Z,28.4,33.6105763
2021-01-16T09:43:20Z,28.28,33.92744566
2021-01-16T09:43:30Z,28.28,34.01499296
2021-01-16T09:43:40Z,28.39,34.04009491
2021-01-16T09:43:50Z,28.48,34.01781173
2021-01-16T09:44:00Z,28.67,33.96652892
2021-01-16T09:44:10Z,28.75,33.9485775
2021-01-16T09:44:20Z,28.75,34.07274256
2021-01-16T09:44:30Z,28.84,34.04776748
2021-01-16T09:44:40Z,28.87,34.11494104
2021-01-16T09:44:50Z,28.92,34.10548574
2021-01-16T09:45:00Z,29,34.12407661
2021-01-16T09:45:10Z,29.06,34.1604646
2021-01-16T09:45:20Z,29.31,34.10465663
2021-01-16T09:45:30Z,29.53,34.07431878
2021-01-16T09:45:40Z,29.74,34.01861628
2021-01-16T09:45:50Z,29.76,34.03766195
2021-01-16T09:46:00Z,29.79,34.05635902
2021-01-16T09:46:10Z,29.58,34.0852286
2021-01-16T09:46:20Z,29.46,34.10732191
2021-01-16T09:46:30Z,29.42,34.15235078
2021-01-16T09:46:40Z,29.5,34.11208829
2021-01-16T09:46:50Z,29.41,34.14282315
2021-01-16T09:47:00Z,29.27,34.17948595
2021-01-16T09:47:10Z,29.28,34.15907306
2021-01-16T09:47:20Z,29.14,34.20922433
2021-01-16T09:47:30Z,28.92,34.29054461
2021-01-16T09:47:40Z,28.83,34.30225162
2021-01-16T09:47:50Z,28.68,34.34401181
2021-01-16T09:48:00Z,28.63,34.37021959
2021-01-16T09:48:10Z,28.62,34.39732036
2021-01-16T09:48:20Z,28.65,34.42219701
2021-01-16T09:48:30Z,28.63,34.39008388
2021-01-16T09:48:40Z,28.68,34.36394931
2021-01-16T09:48:50Z,28.93,29.21623131
2021-01-16T09:49:00Z,28.94,34.2497086
2021-01-16T09:49:10Z,28.89,34.28229262
2021-01-16T09:49:20Z,28.78,34.3448463
2021-01-16T09:49:30Z,28.73,2.911028171
2021-01-16T09:49:40Z,28.68,34.3805508
2021-01-16T09:49:50Z,28.67,34.40104575
2021-01-16T09:50:00Z,28.61,34.41793853
2021-01-16T09:50:10Z,28.6,34.41180928
2021-01-16T09:50:20Z,28.75,34.3333445
2021-01-16T09:50:30Z,28.73,34.37102641
2021-01-16T09:50:40Z,28.62,34.39407871
2021-01-16T09:50:50Z,28.59,34.40577209
2021-01-16T09:51:00Z,28.56,34.42751501
2021-01-16T09:51:10Z,28.6,34.43512683
2021-01-16T09:51:20Z,28.57,34.44694023
2021-01-16T09:51:30Z,28.62,34.40401536
2021-01-16T09:51:40Z,28.66,34.39836033
2021-01-16T09:51:50Z,28.65,34.44550218
2021-01-16T09:52:00Z,28.65,34.42554925
2021-01-16T09:52:10Z,28.68,34.40383557
2021-01-16T09:52:20Z,28.59,34.44907044
2021-01-16T09:52:30Z,28.6,34.45844796
2021-01-16T09:52:40Z,28.59,34.44907148
2021-01-16T09:52:50Z,28.79,34.43084261
2021-01-16T09:53:00Z,28.7,8.059640975
2021-01-16T09:53:10Z,28.63,34.4467266
2021-01-16T09:53:20Z,28.7,34.41264535
2021-01-16T09:53:30Z,28.84,34.41146842
2021-01-16T09:53:40Z,28.75,34.44977634
2021-01-16T09:53:50Z,28.67,34.49439297
2021-01-16T09:54:00Z,28.62,34.47394599
2021-01-16T09:54:10Z,28.6,34.50518766
2021-01-16T09:54:20Z,28.6,34.50518818
2021-01-16T09:54:30Z,28.66,34.47167287
2021-01-16T09:54:40Z,28.66,34.46833242
2021-01-16T09:54:50Z,28.71,34.49887124
2021-01-16T09:55:00Z,28.63,34.50003223
2021-01-16T09:55:10Z,28.61,34.48789478
2021-01-16T09:55:20Z,28.62,34.50069958
2021-01-16T09:55:30Z,28.62,34.52067149
2021-01-16T09:55:40Z,28.61,34.50461849
2021-01-16T09:55:50Z,28.61,34.48120835
2021-01-16T09:56:00Z,28.61,34.4979305
2021-01-16T09:56:10Z,28.61,34.5212506
2021-01-16T09:56:20Z,28.59,34.52249779
2021-01-16T09:56:30Z,28.57,34.50356872
2021-01-16T09:56:40Z,28.62,34.48398492
2021-01-16T09:56:50Z,28.56,34.50414252
2021-01-16T09:57:00Z,28.57,34.54029736
2021-01-16T09:57:10Z,28.56,34.57436192
2021-01-16T09:57:20Z,28.61,34.52459907
2021-01-16T09:57:30Z,28.6,34.54190526
2021-01-16T09:57:40Z,28.67,34.54795626
2021-01-16T09:57:50Z,28.68,34.49383201
2021-01-16T09:58:00Z,28.67,34.52456752
2021-01-16T09:58:10Z,28.61,34.50462626
2021-01-16T09:58:20Z,28.79,34.48103745
2021-01-16T09:58:30Z,29.01,34.36228162
2021-01-16T09:58:40Z,29.08,34.29874462
2021-01-16T09:58:50Z,29.14,34.24574141
2021-01-16T09:59:00Z,29.27,34.24589258
2021-01-16T09:59:10Z,29.26,34.21314833
2021-01-16T09:59:20Z,29.26,2.611544082
2021-01-16T09:59:30Z,29.44,34.08839687
2021-01-16T09:59:40Z,29.42,34.08604726
2021-01-16T09:59:50Z,29.48,34.02044898
2021-01-16T10:00:00Z,29.49,34.03317356
2021-01-16T10:00:10Z,29.46,34.02136613
2021-01-16T10:00:20Z,29.54,33.99783085
2021-01-16T10:00:30Z,29.55,33.97427918
2021-01-16T10:00:40Z,29.57,33.96681954
2021-01-16T10:00:50Z,29.54,33.98799026
2021-01-16T10:01:00Z,29.57,33.97665636
2021-01-16T10:01:10Z,29.55,34.00726422
2021-01-16T10:01:20Z,29.55,33.95779213
2021-01-16T10:01:30Z,29.52,33.96583659
2021-01-16T10:01:40Z,29.35,34.08946911
2021-01-16T10:01:50Z,29.28,34.12265185
2021-01-16T10:02:00Z,29.24,34.15113048
2021-01-16T10:02:10Z,29.26,34.10719279
2021-01-16T10:02:20Z,29.32,34.09760219
2021-01-16T10:02:30Z,29.28,34.099568
2021-01-16T10:02:40Z,29.21,34.14939683
2021-01-16T10:02:50Z,28.97,34.29784274
2021-01-16T10:03:00Z,28.93,34.30666076
2021-01-16T10:03:10Z,28.92,34.31717377
2021-01-16T10:03:20Z,28.83,34.35204128
2021-01-16T10:03:30Z,28.84,34.31164918
2021-01-16T10:03:40Z,28.86,34.29725794
2021-01-16T10:03:50Z,28.86,34.35371765
2021-01-16T10:04:00Z,28.89,34.35871355
2021-01-16T10:04:10Z,29.04,34.30748403
2021-01-16T10:04:20Z,29.21,34.23896234
2021-01-16T10:04:30Z,29.3,34.18464119
2021-01-16T10:04:40Z,29.37,34.1580571
2021-01-16T10:04:50Z,29.38,34.12771536
2021-01-16T10:05:00Z,29.42,34.09273355
2021-01-16T10:05:10Z,29.41,34.10641002
2021-01-16T10:05:20Z,29.42,34.11585274
2021-01-16T10:05:30Z,29.39,34.11402973
2021-01-16T10:05:40Z,29.41,34.08329023
2021-01-16T10:05:50Z,29.36,34.14193514
2021-01-16T10:06:00Z,29.42,34.1324868
2021-01-16T10:06:10Z,29.41,34.12295597
2021-01-16T10:06:20Z,29.43,34.10217968
2021-01-16T10:06:30Z,29.46,34.07424
2021-01-16T10:06:40Z,29.48,34.07001959
2021-01-16T10:06:50Z,29.58,34.04557367
2021-01-16T10:07:00Z,29.69,34.01758914
2021-01-16T10:07:10Z,29.79,33.96034224
2021-01-16T10:07:20Z,29.88,33.95665723
2021-01-16T10:07:30Z,29.93,33.92818713
2021-01-16T10:07:40Z,29.93,33.9446531
2021-01-16T10:07:50Z,30.06,33.91973625
2021-01-16T10:08:00Z,30.11,33.94772584
2021-01-16T10:08:10Z,30.09,33.93186431
2021-01-16T10:08:20Z,30.12,33.93405891
2021-01-16T10:08:30Z,30.13,33.92048709
2021-01-16T10:08:40Z,30.03,33.92421166
2021-01-16T10:08:50Z,29.97,33.98949337
2021-01-16T10:09:00Z,29.88,33.96988437
2021-01-16T10:09:10Z,29.92,33.94506671
2021-01-16T10:09:20Z,29.98,33.90962029
2021-01-16T10:09:30Z,30.01,33.86884836
2021-01-16T10:09:40Z,30.04,33.86440707
2021-01-16T10:09:50Z,30.18,33.66508217
2021-01-16T10:10:00Z,30.25,33.6592049
2021-01-16T10:10:10Z,30.26,33.68174551
2021-01-16T10:10:20Z,30.33,33.67924813
2021-01-16T10:10:30Z,30.4,33.70299779
2021-01-16T10:10:40Z,30.41,33.72242404
2021-01-16T10:10:50Z,30.44,33.7511091
2021-01-16T10:11:00Z,30.46,33.74380187
2021-01-16T10:11:10Z,30.33,33.79761812
2021-01-16T10:11:20Z,30.41,33.74545593
2021-01-16T10:11:30Z,30.37,33.75012982
2021-01-16T10:11:40Z,30.36,33.77024851
2021-01-16T10:11:50Z,30.35,33.80356678
2021-01-16T10:12:00Z,30.35,33.74748972
2021-01-16T10:12:10Z,30.42,33.72536349
2021-01-16T10:12:20Z,30.4,33.73921017
2021-01-16T10:12:30Z,30.41,33.73560197
2021-01-16T10:12:40Z,30.46,33.67469726
2021-01-16T10:12:50Z,30.45,33.68823011
2021-01-16T10:13:00Z,30.45,33.73425262
2021-01-16T10:13:10Z,30.47,33.66779372
2021-01-16T10:13:20Z,30.49,33.68682165
2021-01-16T10:13:30Z,30.47,33.66779472
2021-01-16T10:13:40Z,30.44,33.67535507
2021-01-16T10:13:50Z,30.56,33.52726299
2021-01-16T10:14:00Z,30.64,33.37153826
2021-01-16T10:14:10Z,30.42,33.60391927
2021-01-16T10:14:20Z,30.51,33.39553551
2021-01-16T10:14:30Z,30.63,33.02134217
2021-01-16T10:14:40Z,30.51,33.35017337
2021-01-16T10:14:50Z,30.51,33.17301237
2021-01-16T10:15:00Z,30.3,33.70326309
2021-01-16T10:15:10Z,30.26,33.8330858
2021-01-16T10:15:20Z,30.22,33.82792395
2021-01-16T10:15:30Z,30.15,33.87671282
2021-01-16T10:15:40Z,30.23,33.86063033
2021-01-16T10:15:50Z,30.28,33.83903435
2021-01-16T10:16:00Z,30.35,33.82341188
2021-01-16T10:16:10Z,30.4,33.82833143
2021-01-16T10:16:20Z,30.4,33.82833193
2021-01-16T10:16:30Z,30.42,33.8310306
2021-01-16T10:16:40Z,30.4,33.85810434
2021-01-16T10:16:50Z,30.44,33.80389035
2021-01-16T10:17:00Z,30.45,33.79364249
2021-01-16T10:17:10Z,30.47,33.7864089
2021-01-16T10:17:20Z,30.42,33.77152333
2021-01-16T10:17:30Z,30.52,33.7484863
2021-01-16T10:17:40Z,30.56,33.77697068
2021-01-16T10:17:50Z,30.56,33.76704914
2021-01-16T10:18:00Z,30.58,33.77305801
2021-01-16T10:18:10Z,30.6,33.79228245
2021-01-16T10:18:20Z,30.57,33.77005548
2021-01-16T10:18:30Z,30.56,33.77035843
2021-01-16T10:18:40Z,30.52,33.80466642
2021-01-16T10:18:50Z,30.47,33.81282898
2021-01-16T10:19:00Z,30.41,33.8049023
2021-01-16T10:19:10Z,30.44,33.77084036
2021-01-16T10:19:20Z,30.56,33.77697566
2021-01-16T10:19:30Z,30.55,33.77397162
2021-01-16T10:19:40Z,30.55,33.72775512
2021-01-16T10:19:50Z,30.46,33.76361647
2021-01-16T10:20:00Z,30.47,33.67443629
2021-01-16T10:20:10Z,30.6,33.57496482
2021-01-16T10:20:20Z,30.44,33.77084386
2021-01-16T10:20:30Z,30.39,33.81878846
2021-01-16T10:20:40Z,30.37,33.78639168
2021-01-16T10:20:50Z,30.36,33.79665118
2021-01-16T10:21:00Z,30.37,33.80953571
2021-01-16T10:21:10Z,30.35,33.82010687
2021-01-16T10:21:20Z,30.29,33.82544578
2021-01-16T10:21:30Z,30.28,33.82251718
2021-01-16T10:21:40Z,30.22,33.84782398
2021-01-16T10:21:50Z,30.18,33.82609985
2021-01-16T10:22:00Z,30.17,33.84963381
2021-01-16T10:22:10Z,30.11,33.87491316
2021-01-16T10:22:20Z,30.07,33.86325327
2021-01-16T10:22:30Z,30.06,33.86698973
2021-01-16T10:22:40Z,30.12,33.86793419
2021-01-16T10:22:50Z,30.15,33.86358243
2021-01-16T10:23:00Z,30.12,33.8679352
2021-01-16T10:23:10Z,30.11,7.827344941
2021-01-16T10:23:20Z,30.18,33.80639125
2021-01-16T10:23:30Z,30.13,33.82797956
2021-01-16T10:23:40Z,30.18,33.81620358
2021-01-16T10:23:50Z,30.23,33.78142138
2021-01-16T10:24:00Z,30.28,33.8225247
2021-01-16T10:24:10Z,30.46,33.75700335
2021-01-16T10:24:20Z,30.71,33.66359322
2021-01-16T10:24:30Z,30.91,33.51661059
2021-01-16T10:24:40Z,31.06,33.3752323
2021-01-16T10:24:50Z,31.07,33.37498912
2021-01-16T10:25:00Z,31.05,33.37547677
2021-01-16T10:25:10Z,30.91,33.50028755
2021-01-16T10:25:20Z,30.93,33.56203117
2021-01-16T10:25:30Z,30.88,33.56996912
2021-01-16T10:25:40Z,30.85,33.60037791
2021-01-16T10:25:50Z,30.85,33.54778213
2021-01-16T10:26:00Z,30.79,33.58888374
2021-01-16T10:26:10Z,30.62,33.61370117
2021-01-16T10:26:20Z,30.61,33.60416098
2021-01-16T10:26:30Z,30.63,33.62323961
2021-01-16T10:26:40Z,30.64,33.57703068
2021-01-16T10:26:50Z,30.67,33.59574185
2021-01-16T10:27:00Z,30.57,33.56614633
2021-01-16T10:27:10Z,30.49,33.68686304
2021-01-16T10:27:20Z,30.44,33.73467831
2021-01-16T10:27:30Z,30.37,33.78973099
2021-01-16T10:27:40Z,30.35,33.76404442
2021-01-16T10:27:50Z,30.3,33.75923789
2021-01-16T10:28:00Z,30.31,33.77528491
2021-01-16T10:28:10Z,30.31,33.78192983
2021-01-16T10:28:20Z,30.3,33.74271734
2021-01-16T10:28:30Z,30.29,33.74965473
2021-01-16T10:28:40Z,30.28,33.79944692
2021-01-16T10:28:50Z,30.3,33.84833857
2021-01-16T10:29:00Z,30.28,33.81265576
2021-01-16T10:29:10Z,30.29,33.81558698
2021-01-16T10:29:20Z,30.29,33.85529929
2021-01-16T10:29:30Z,30.26,33.85964896
2021-01-16T10:29:40Z,30.3,33.85157517
2021-01-16T10:29:50Z,30.3,33.81196147
2021-01-16T10:30:00Z,30.31,33.84461868
2021-01-16T10:30:10Z,30.26,33.85299817
2021-01-16T10:30:20Z,30.28,33.84896313
2021-01-16T10:30:30Z,30.26,33.87943181
2021-01-16T10:30:40Z,30.26,33.86288905
2021-01-16T10:30:50Z,30.29,33.82879848
2021-01-16T10:31:00Z,30.3,33.84502121
2021-01-16T10:31:10Z,30.29,33.8321237
2021-01-16T10:31:20Z,30.26,33.85300167
2021-01-16T10:31:30Z,30.29,33.85530581
2021-01-16T10:31:40Z,30.25,33.85996668
2021-01-16T10:31:50Z,30.11,33.89153094
2021-01-16T10:32:00Z,30.08,33.91249804
2021-01-16T10:32:10Z,29.98,33.89983844
2021-01-16T10:32:20Z,29.73,34.0125457
2021-01-16T10:32:30Z,29.54,34.08060247
2021-01-16T10:32:40Z,29.53,34.10428129
2021-01-16T10:32:50Z,29.54,34.08716771
2021-01-16T10:33:00Z,29.52,34.11793736
2021-01-16T10:33:10Z,29.49,34.1292707
2021-01-16T10:33:20Z,29.49,34.10280412
2021-01-16T10:33:30Z,29.49,34.0928575
2021-01-16T10:33:40Z,29.49,34.09942854
2021-01-16T10:33:50Z,29.47,34.11361224
2021-01-16T10:34:00Z,29.5,34.08577256
2021-01-16T10:34:10Z,29.52,34.07817391
2021-01-16T10:34:20Z,29.53,34.09425516
2021-01-16T10:34:30Z,29.49,34.09286055
2021-01-16T10:34:40Z,29.47,34.08714009
2021-01-16T10:34:50Z,29.49,34.08291492
2021-01-16T10:35:00Z,29.49,34.09943261
2021-01-16T10:35:10Z,29.48,34.10652347
2021-01-16T10:35:20Z,29.49,34.10609561
2021-01-16T10:35:30Z,29.48,34.06016022
2021-01-16T10:35:40Z,29.47,34.12028268
2021-01-16T10:35:50Z,29.46,34.11413894
2021-01-16T10:36:00Z,29.44,34.15153984
2021-01-16T10:36:10Z,29.47,34.10704603
2021-01-16T10:36:20Z,29.47,34.10704654
2021-01-16T10:36:30Z,29.49,34.09286666
2021-01-16T10:36:40Z,29.47,34.09709665
2021-01-16T10:36:50Z,29.44,34.12495727
2021-01-16T10:37:00Z,29.55,34.11328182
2021-01-16T10:37:10Z,29.68,34.05119223
2021-01-16T10:37:20Z,29.86,33.98402282
2021-01-16T10:37:30Z,29.91,33.95551729
2021-01-16T10:37:40Z,29.95,33.9142629
2021-01-16T10:37:50Z,29.98,33.92624609
2021-01-16T10:38:00Z,29.99,33.92583957
2021-01-16T10:38:10Z,30.02,33.87187856
2021-01-16T10:38:20Z,29.99,33.93243753
2021-01-16T10:38:30Z,29.95,33.91091962
2021-01-16T10:38:40Z,29.96,33.94360914
2021-01-16T10:38:50Z,30.01,33.88871602
2021-01-16T10:39:00Z,30.01,33.87887193
2021-01-16T10:39:10Z,29.99,33.89286144
2021-01-16T10:39:20Z,29.99,33.88626623
2021-01-16T10:39:30Z,30.02,33.89825071
2021-01-16T10:39:40Z,30.08,33.83981916
2021-01-16T10:39:50Z,30.09,33.83284377
2021-01-16T10:40:00Z,30.06,33.87029083
2021-01-16T10:40:10Z,30.06,33.85377974
2021-01-16T10:40:20Z,30.02,33.84217976
2021-01-16T10:40:30Z,29.97,33.85408187
2021-01-16T10:40:40Z,29.93,33.87211552
2021-01-16T10:40:50Z,29.88,33.90713794
2021-01-16T10:41:00Z,29.91,33.88946576
2021-01-16T10:41:10Z,29.91,33.87960396
2021-01-16T10:41:20Z,29.98,33.86353938
2021-01-16T10:41:30Z,29.95,33.82856646
2021-01-16T10:41:40Z,30.03,33.8220235
2021-01-16T10:41:50Z,30.04,33.78878906
2021-01-16T10:42:00Z,30.01,33.78993912
2021-01-16T10:42:10Z,30.06,33.8340277
2021-01-16T10:42:20Z,30.07,33.80405286
2021-01-16T10:42:30Z,30.07,33.77772059
2021-01-16T10:42:40Z,30.11,33.74654731
2021-01-16T10:42:50Z,30.12,33.79220675
2021-01-16T10:43:00Z,30.12,33.76923284
2021-01-16T10:43:10Z,30.13,33.76227622
2021-01-16T10:43:20Z,30.13,33.75570158
2021-01-16T10:43:30Z,30.09,33.76046364
2021-01-16T10:43:40Z,29.98,33.81746922
2021-01-16T10:43:50Z,29.85,33.86885748
2021-01-16T10:44:00Z,29.88,33.85446084
2021-01-16T10:44:10Z,29.88,33.80513606
2021-01-16T10:44:20Z,29.96,33.79194926
2021-01-16T10:44:30Z,30.02,33.78297469
2021-01-16T10:44:40Z,30.06,33.76494161
2021-01-16T10:44:50Z,30.14,33.77504899
2021-01-16T10:45:00Z,30.2,33.70051901
2021-01-16T10:45:10Z,30.26,33.69173202
2021-01-16T10:45:20Z,30.35,33.69502494
2021-01-16T10:45:30Z,30.36,33.64874391
2021-01-16T10:45:40Z,30.41,33.63383803
2021-01-16T10:45:50Z,30.45,33.68501644
2021-01-16T10:46:00Z,30.5,33.66033783
2021-01-16T10:46:10Z,30.52,33.63009563
2021-01-16T10:46:20Z,30.53,33.63312667
2021-01-16T10:46:30Z,30.56,33.58620679
2021-01-16T10:46:40Z,30.57,33.59567098
2021-01-16T10:46:50Z,30.63,33.55773862
2021-01-16T10:47:00Z,30.64,33.54106651
2021-01-16T10:47:10Z,30.64,33.56398307
2021-01-16T10:47:20Z,30.58,33.55612165
2021-01-16T10:47:30Z,30.61,33.53222218
2021-01-16T10:47:40Z,30.57,33.51068048
2021-01-16T10:47:50Z,30.56,33.54691858
2021-01-16T10:48:00Z,30.52,33.55154107
2021-01-16T10:48:10Z,30.5,33.54241168
2021-01-16T10:48:20Z,30.56,33.49469069
2021-01-16T10:48:30Z,30.6,33.49010956
2021-01-16T10:48:40Z,30.61,33.4604267
2021-01-16T10:48:50Z,30.62,33.46989774
2021-01-16T10:49:00Z,30.63,33.44673832
2021-01-16T10:49:10Z,30.64,33.44640352
2021-01-16T10:49:20Z,30.66,33.4425257
2021-01-16T10:49:30Z,30.64,33.45291056
2021-01-16T10:49:40Z,30.68,33.45165263
2021-01-16T10:49:50Z,30.64,33.43018584
2021-01-16T10:50:00Z,30.63,33.4467413
2021-01-16T10:50:10Z,30.61,33.41816601
2021-01-16T10:50:20Z,30.55,33.41371508
2021-01-16T10:50:30Z,30.52,33.4245204
2021-01-16T10:50:40Z,30.47,33.45226411
2021-01-16T10:50:50Z,30.51,33.44110684
2021-01-16T10:51:00Z,30.52,33.46676675
2021-01-16T10:51:10Z,30.57,33.47159833
2021-01-16T10:51:20Z,30.62,33.45358878
2021-01-16T10:51:30Z,30.63,33.42071894
2021-01-16T10:51:40Z,30.64,33.39116229
2021-01-16T10:51:50Z,30.77,33.12840189
2021-01-16T10:52:00Z,30.84,33.13245784
2021-01-16T10:52:10Z,30.99,33.01536755
2021-01-16T10:52:20Z,30.8,33.23042693
2021-01-16T10:52:30Z,30.8,33.25306709
2021-01-16T10:52:40Z,30.98,33.1732317
2021-01-16T10:52:50Z,30.88,33.16987297
2021-01-16T10:53:00Z,30.99,33.08918775
2021-01-16T10:53:10Z,30.83,33.18427992
2021-01-16T10:53:20Z,31.02,33.0593653
2021-01-16T10:53:30Z,30.85,33.17074818
2021-01-16T10:53:40Z,30.91,33.18822322
2021-01-16T10:53:50Z,30.99,33.15029746
2021-01-16T10:54:00Z,31.07,33.11573531
2021-01-16T10:54:10Z,31.11,33.11141368
2021-01-16T10:54:20Z,31.12,33.05634653
2021-01-16T10:54:30Z,31.1,33.07948907
2021-01-16T10:54:40Z,31.1,33.10199306
2021-01-16T10:54:50Z,31.1,33.07949006
2021-01-16T10:55:00Z,31.07,33.21908228
2021-01-16T10:55:10Z,31.09,33.22827723
2021-01-16T10:55:20Z,31.06,33.20966757
2021-01-16T10:55:30Z,31.05,33.19379803
2021-01-16T10:55:40Z,31.04,33.24581031
2021-01-16T10:55:50Z,31.01,33.22727622
2021-01-16T10:56:00Z,31.04,33.23935759
2021-01-16T10:56:10Z,31.05,33.20343262
2021-01-16T10:56:20Z,31.05,33.20343311
2021-01-16T10:56:30Z,31.06,33.19668225
2021-01-16T10:56:40Z,31.06,33.18060253
2021-01-16T10:56:50Z,31.01,33.19490997
2021-01-16T10:57:00Z,31.01,33.14008883
2021-01-16T10:57:10Z,31,32.46545513
2021-01-16T10:57:20Z,31.01,33.09818749
2021-01-16T10:57:30Z,31,33.1758411
2021-01-16T10:57:40Z,31.05,33.10342086
2021-01-16T10:57:50Z,30.96,2.968655184
2021-01-16T10:58:00Z,30.99,33.2570029
2021-01-16T10:58:10Z,30.95,33.46325462
2021-01-16T10:58:20Z,30.96,33.47930605
2021-01-16T10:58:30Z,30.95,33.45669628
2021-01-16T10:58:40Z,30.93,33.40170736
2021-01-16T10:58:50Z,30.93,33.4768935
2021-01-16T10:59:00Z,30.89,33.49762847
2021-01-16T10:59:10Z,30.89,33.49434524
2021-01-16T10:59:20Z,30.86,33.50498381
2021-01-16T10:59:30Z,30.85,33.505335
2021-01-16T10:59:40Z,30.84,33.51865589
2021-01-16T10:59:50Z,30.83,33.49608619
2021-01-16T11:00:00Z,30.83,33.49937393
2021-01-16T11:00:10Z,30.84,33.50559869
2021-01-16T11:00:20Z,30.84,33.50559918
2021-01-16T11:00:30Z,30.82,33.51927473
2021-01-16T11:00:40Z,30.83,33.51243652
2021-01-16T11:00:50Z,30.79,33.52993559
2021-01-16T11:01:00Z,30.77,33.54363066
2021-01-16T11:01:10Z,30.73,33.56454942
2021-01-16T11:01:20Z,30.71,33.57497473
2021-01-16T11:01:30Z,30.72,33.56811459
2021-01-16T11:01:40Z,30.71,33.57497573
2021-01-16T11:01:50Z,30.73,33.53179082
2021-01-16T11:02:00Z,30.74,33.55769532
2021-01-16T11:02:10Z,30.75,33.54096362
2021-01-16T11:02:20Z,30.75,33.54425672
2021-01-16T11:02:30Z,30.84,33.55473537
2021-01-16T11:02:40Z,30.86,33.53128019
2021-01-16T11:02:50Z,30.88,33.48813713
2021-01-16T11:03:00Z,30.91,33.51672485
2021-01-16T11:03:10Z,30.93,33.49322378
2021-01-16T11:03:20Z,30.91,33.49711821
2021-01-16T11:03:30Z,30.94,33.48640172
2021-01-16T11:03:40Z,30.96,33.48916027
2021-01-16T11:03:50Z,30.93,33.47034624
2021-01-16T11:04:00Z,30.88,33.48157234
2021-01-16T11:04:10Z,30.79,33.49073505
2021-01-16T11:04:20Z,30.73,33.46317784
2021-01-16T11:04:30Z,30.64,33.5051892
2021-01-16T11:04:40Z,30.63,33.45979965
2021-01-16T11:04:50Z,30.67,33.43894098
2021-01-16T11:05:00Z,30.71,33.48335642
2021-01-16T11:05:10Z,30.78,33.48450462
2021-01-16T11:05:20Z,30.9,33.45160406
2021-01-16T11:05:30Z,30.91,33.46110815
2021-01-16T11:05:40Z,30.86,33.49523484
2021-01-16T11:05:50Z,30.79,33.47109307
2021-01-16T11:06:00Z,30.79,33.51038927
2021-01-16T11:06:10Z,30.67,33.48134744
2021-01-16T11:06:20Z,30.6,33.46411667
2021-01-16T11:06:30Z,30.55,33.50490878
2021-01-16T11:06:40Z,30.52,33.51567816
2021-01-16T11:06:50Z,30.42,33.46381574
2021-01-16T11:07:00Z,30.46,33.46239147
2021-01-16T11:07:10Z,30.44,33.46967916
2021-01-16T11:07:20Z,30.4,33.47755302
2021-01-16T11:07:30Z,30.41,33.41878175
2021-01-16T11:07:40Z,30.42,33.41192649
2021-01-16T11:07:50Z,30.42,33.46059749
2021-01-16T11:08:00Z,30.42,33.45084509
2021-01-16T11:08:10Z,30.44,33.43068549
2021-01-16T11:08:20Z,30.45,33.41408455
2021-01-16T11:08:30Z,30.46,33.42672232
2021-01-16T11:08:40Z,30.52,33.38564189
2021-01-16T11:08:50Z,30.61,33.35653336
2021-01-16T11:09:00Z,30.63,33.35259968
2021-01-16T11:09:10Z,30.68,33.31201982
2021-01-16T11:09:20Z,30.69,33.32140775
2021-01-16T11:09:30Z,30.66,33.32564424
2021-01-16T11:09:40Z,30.62,33.33349386
2021-01-16T11:09:50Z,30.66,33.33864541
2021-01-16T11:10:00Z,30.61,33.34031547
2021-01-16T11:10:10Z,30.58,33.35428186
2021-01-16T11:10:20Z,30.61,33.35003131
2021-01-16T11:10:30Z,30.63,33.34939663
2021-01-16T11:10:40Z,30.64,33.34578331
2021-01-16T11:10:50Z,30.67,33.31883532
2021-01-16T11:11:00Z,30.69,33.35060357
2021-01-16T11:11:10Z,30.63,33.32017679
2021-01-16T11:11:20Z,30.66,33.29974079
2021-01-16T11:11:30Z,30.64,33.3295739
2021-01-16T11:11:40Z,30.83,33.26836139
2021-01-16T11:11:50Z,30.67,33.3188383
2021-01-16T11:12:00Z,30.89,33.25028983
2021-01-16T11:12:10Z,30.98,33.18620663
2021-01-16T11:12:20Z,30.98,33.16683159
2021-01-16T11:12:30Z,30.96,33.17387848
2021-01-16T11:12:40Z,30.94,33.16481633
2021-01-16T11:12:50Z,30.94,33.16481682
2021-01-16T11:13:00Z,30.89,33.20180955
2021-01-16T11:13:10Z,30.82,33.21693117
2021-01-16T11:13:20Z,30.82,33.21693167
2021-01-16T11:13:30Z,30.85,33.26127477
2021-01-16T11:13:40Z,30.95,33.22587706
2021-01-16T11:13:50Z,30.93,33.21674033
2021-01-16T11:14:00Z,30.93,33.21027545
2021-01-16T11:14:10Z,30.85,33.29365935
2021-01-16T11:14:20Z,30.82,33.2945974
2021-01-16T11:14:30Z,30.58,33.39326939
2021-01-16T11:14:40Z,30.39,33.52680135
2021-01-16T11:14:50Z,30.37,33.53080453
2021-01-16T11:15:00Z,30.2,33.56009121
2021-01-16T11:15:10Z,30.12,33.57302309
2021-01-16T11:15:20Z,30.13,33.59868618
2021-01-16T11:15:30Z,30.22,33.57880724
2021-01-16T11:15:40Z,30.31,33.50049676
2021-01-16T11:15:50Z,30.36,33.56377025
2021-01-16T11:16:00Z,30.58,33.41601984
2021-01-16T11:16:10Z,30.58,33.42895542
2021-01-16T11:16:20Z,30.61,33.41494522
2021-01-16T11:16:30Z,30.61,33.38570436
2021-01-16T11:16:40Z,30.55,33.41700677
2021-01-16T11:16:50Z,30.51,33.42814324
2021-01-16T11:17:00Z,30.46,33.42343996
2021-01-16T11:17:10Z,30.4,33.45484629
2021-01-16T11:17:20Z,30.39,33.46171346
2021-01-16T11:17:30Z,30.35,33.46644682
2021-01-16T11:17:40Z,30.3,33.52039295
2021-01-16T11:17:50Z,30.26,33.56430641
2021-01-16T11:18:00Z,30.31,33.51673483
2021-01-16T11:18:10Z,30.41,33.46427257
2021-01-16T11:18:20Z,30.58,33.36732668
2021-01-16T11:18:30Z,30.31,33.45827448
2021-01-16T11:18:40Z,30.31,33.48427594
2021-01-16T11:18:50Z,30.2,33.51777691
2021-01-16T11:19:00Z,30.5,33.35068059
2021-01-16T11:19:10Z,30.55,33.36186328
2021-01-16T11:19:20Z,30.41,33.41559604
2021-01-16T11:19:30Z,30.46,33.37482022
2021-01-16T11:19:40Z,30.39,33.45196228
2021-01-16T11:19:50Z,29.92,33.58796807
2021-01-16T11:20:00Z,29.82,33.64779211
2021-01-16T11:20:10Z,29.7,33.69883126
2021-01-16T11:20:20Z,29.55,33.73859748
2021-01-16T11:20:30Z,29.35,33.89886585
2021-01-16T11:20:40Z,29.36,33.83945144
2021-01-16T11:20:50Z,29.32,34.05152901
2021-01-16T11:21:00Z,29.41,34.02074915
2021-01-16T11:21:10Z,29.42,34.01038274
2021-01-16T11:21:20Z,29.01,34.19651318
2021-01-16T11:21:30Z,28.94,34.2764678
2021-01-16T11:21:40Z,28.94,34.25995638
2021-01-16T11:21:50Z,28.98,34.24122135
2021-01-16T11:22:00Z,28.99,34.26381923
2021-01-16T11:22:10Z,28.93,5.078298122
2021-01-16T11:22:20Z,29,34.23343024
2021-01-16T11:22:30Z,28.87,34.28365872
2021-01-16T11:22:40Z,28.92,34.24110053
2021-01-16T11:22:50Z,29.03,34.11290113
2021-01-16T11:23:00Z,29.01,34.1007588
2021-01-16T11:23:10Z,29.06,34.07504117
2021-01-16T11:23:20Z,29.09,34.07012663
2021-01-16T11:23:30Z,29.1,34.03663605
2021-01-16T11:23:40Z,29.09,34.12279798
2021-01-16T11:23:50Z,29.06,34.21698651
2021-01-16T11:24:00Z,29.09,34.13272785
2021-01-16T11:24:10Z,29.11,34.20780497
2021-01-16T11:24:20Z,29.14,34.14658999
2021-01-16T11:24:30Z,29.21,34.09671855
2021-01-16T11:24:40Z,29.2,34.09062591
2021-01-16T11:24:50Z,29.3,34.09549543
2021-01-16T11:25:00Z,29.27,34.13002253
2021-01-16T11:25:10Z,29.19,34.11095719
2021-01-16T11:25:20Z,29.19,34.0417819
2021-01-16T11:25:30Z,29.19,34.07471609
2021-01-16T11:25:40Z,29.17,34.08894765
2021-01-16T11:25:50Z,29.19,34.07471711
2021-01-16T11:26:00Z,29.14,34.11031405
2021-01-16T11:26:10Z,29.14,33.9328563
2021-01-16T11:26:20Z,29.22,33.73630506
2021-01-16T11:26:30Z,29.19,33.84199955
2021-01-16T11:26:40Z,29.27,33.65899513
2021-01-16T11:26:50Z,29.25,33.7996668
2021-01-16T11:27:00Z,29.16,34.08946128
2021-01-16T11:27:10Z,29.15,34.10319333
2021-01-16T11:27:20Z,29.14,33.95580268
2021-01-16T11:27:30Z,29.25,33.72161161
2021-01-16T11:27:40Z,29.12,33.99616248
2021-01-16T11:27:50Z,29.2,33.88387475
2021-01-16T11:28:00Z,29.3,33.66711204
2021-01-16T11:28:10Z,29.33,33.63311069
2021-01-16T11:28:20Z,29.39,33.49775403
2021-01-16T11:28:30Z,29.39,33.53312915
2021-01-16T11:28:40Z,29.35,33.60623711
2021-01-16T11:28:50Z,29.41,33.57715299
2021-01-16T11:29:00Z,29.48,33.45759966
2021-01-16T11:29:10Z,29.49,33.45701711
2021-01-16T11:29:20Z,29.49,33.46666192
2021-01-16T11:29:30Z,29.5,33.40522777
2021-01-16T11:29:40Z,29.5,33.4308758
2021-01-16T11:29:50Z,29.42,33.63480445
2021-01-16T11:30:00Z,29.43,33.66664498
2021-01-16T11:30:10Z,29.5,33.49510077
2021-01-16T11:30:20Z,29.47,33.59338772
2021-01-16T11:30:30Z,29.59,33.41331899
2021-01-16T11:30:40Z,29.53,33.55799355
2021-01-16T11:30:50Z,29.62,33.43427691
2021-01-16T11:31:00Z,29.64,33.40435614
2021-01-16T11:31:10Z,29.6,33.48029688
2021-01-16T11:31:20Z,29.62,33.47285454
2021-01-16T11:31:30Z,29.64,33.4943646
2021-01-16T11:31:40Z,29.64,33.413974
2021-01-16T11:31:50Z,29.66,33.40656086
2021-01-16T11:32:00Z,29.6,33.48992565
2021-01-16T11:32:10Z,29.7,33.31800415
2021-01-16T11:32:20Z,29.71,33.33347284
2021-01-16T11:32:30Z,29.71,33.35593556
2021-01-16T11:32:40Z,29.71,33.33347385
2021-01-16T11:32:50Z,29.69,33.3121358
2021-01-16T11:33:00Z,29.54,33.59950909
2021-01-16T11:33:10Z,29.54,33.60278423
2021-01-16T11:33:20Z,29.48,33.72258512
2021-01-16T11:33:30Z,29.48,33.73889547
2021-01-16T11:33:40Z,29.7,33.61758293
2021-01-16T11:33:50Z,29.81,33.59622252
2021-01-16T11:34:00Z,29.93,33.41928658
2021-01-16T11:34:10Z,29.91,33.28534928
2021-01-16T11:34:20Z,29.84,33.02492385
2021-01-16T11:34:30Z,29.84,33.09449883
2021-01-16T11:34:40Z,29.74,32.9325237
2021-01-16T11:34:50Z,29.76,32.94400317
2021-01-16T11:35:00Z,29.71,32.8871809
2021-01-16T11:35:10Z,29.74,32.88862127
2021-01-16T11:35:20Z,29.71,32.86214925
2021-01-16T11:35:30Z,29.82,33.041745
2021-01-16T11:35:40Z,29.81,32.91942363
2021-01-16T11:35:50Z,29.79,32.86400139
2021-01-16T11:36:00Z,29.79,32.86400189
2021-01-16T11:36:10Z,29.88,32.95031897
2021-01-16T11:36:20Z,29.77,32.72166643
2021-01-16T11:36:30Z,29.81,32.79422796
2021-01-16T11:36:40Z,29.84,32.78326951
2021-01-16T11:36:50Z,29.74,32.62106605
2021-01-16T11:37:00Z,29.73,32.59082652
2021-01-16T11:37:10Z,29.69,32.73234691
2021-01-16T11:37:20Z,29.7,32.63264894
2021-01-16T11:37:30Z,29.71,32.57652614
2021-01-16T11:37:40Z,29.7,32.61107363
2021-01-16T11:37:50Z,29.73,32.53842055
2021-01-16T11:38:00Z,29.73,32.68972895
2021-01-16T11:38:10Z,29.75,32.60512144
2021-01-16T11:38:20Z,29.73,32.6000327
2021-01-16T11:38:30Z,29.74,32.58408739
2021-01-16T11:38:40Z,29.7,32.58020563
2021-01-16T11:38:50Z,29.69,32.54380394
2021-01-16T11:39:00Z,29.68,32.55054416
2021-01-16T11:39:10Z,29.71,32.49965952
2021-01-16T11:39:20Z,29.73,32.49540766
2021-01-16T11:39:30Z,29.71,32.49045949
2021-01-16T11:39:40Z,29.64,32.57752858
2021-01-16T11:39:50Z,29.55,32.59836766
2021-01-16T11:40:00Z,29.52,32.52024208
2021-01-16T11:40:10Z,29.55,32.44193247
2021-01-16T11:40:20Z,29.52,32.4315456
2021-01-16T11:40:30Z,29.53,32.43096894
2021-01-16T11:40:40Z,29.63,32.38817102
2021-01-16T11:40:50Z,29.59,32.38449243
2021-01-16T11:41:00Z,29.69,32.30530003
2021-01-16T11:41:10Z,29.65,32.3260251
2021-01-16T11:41:20Z,29.68,32.29377538
2021-01-16T11:41:30Z,29.79,32.21434048
2021-01-16T11:41:40Z,29.82,32.1731585
2021-01-16T11:41:50Z,29.82,32.16408048
2021-01-16T11:42:00Z,29.82,32.10377734
2021-01-16T11:42:10Z,29.76,31.86803638
2021-01-16T11:42:20Z,29.76,31.69918279
2021-01-16T11:42:30Z,29.77,31.57220862
2021-01-16T11:42:40Z,29.76,31.5494865
2021-01-16T11:42:50Z,29.76,31.40079517
2021-01-16T11:43:00Z,29.6,31.0019769
2021-01-16T11:43:10Z,29.65,30.84570867
2021-01-16T11:43:20Z,29.65,30.66089299
2021-01-16T11:43:30Z,29.54,30.91038695
2021-01-16T11:43:40Z,29.59,30.304257
2021-01-16T11:43:50Z,29.59,30.2143887
2021-01-16T11:44:00Z,29.59,30.48536879
2021-01-16T11:44:10Z,29.48,28.72895595
2021-01-16T11:44:20Z,29.52,30.64878403
2021-01-16T11:44:30Z,29.43,29.08414519
2021-01-16T11:44:40Z,29.38,28.76109924
2021-01-16T11:44:50Z,29.44,29.6130406
2021-01-16T11:45:00Z,29.52,29.90245318
2021-01-16T11:45:10Z,29.69,31.47537665
2021-01-16T11:45:20Z,29.62,30.78618135
2021-01-16T11:45:30Z,29.68,30.62792872
2021-01-16T11:45:40Z,29.71,30.84683624
2021-01-16T11:45:50Z,29.77,31.30461567
2021-01-16T11:46:00Z,29.85,31.74661321
2021-01-16T11:46:10Z,29.84,31.71766205
2021-01-16T11:46:20Z,29.8,31.56431007
2021-01-16T11:46:30Z,29.77,31.75764021
2021-01-16T11:46:40Z,29.79,31.79191025
2021-01-16T11:46:50Z,29.82,31.73372783
2021-01-16T11:47:00Z,29.8,31.98190351
2021-01-16T11:47:10Z,29.8,32.12911041
2021-01-16T11:47:20Z,29.81,32.19798673
2021-01-16T11:47:30Z,29.79,32.23558894
2021-01-16T11:47:40Z,29.76,32.32239816
2021-01-16T11:47:50Z,29.77,32.3583939
2021-01-16T11:48:00Z,29.81,32.11941768
2021-01-16T11:48:10Z,29.76,32.32239967
2021-01-16T11:48:20Z,29.76,32.34374317
2021-01-16T11:48:30Z,29.76,32.34068167
2021-01-16T11:48:40Z,29.77,32.31274626
2021-01-16T11:48:50Z,29.76,32.30421232
2021-01-16T11:49:00Z,29.76,32.29809003
2021-01-16T11:49:10Z,29.76,32.26162766
2021-01-16T11:49:20Z,29.77,32.23983691
2021-01-16T11:49:30Z,29.77,32.3339969
2021-01-16T11:49:40Z,29.81,32.34082841
2021-01-16T11:49:50Z,29.82,32.31885335
2021-01-16T11:50:00Z,29.85,32.30799727
2021-01-16T11:50:10Z,29.85,32.32319114
2021-01-16T11:50:20Z,29.86,32.30132566
2021-01-16T11:50:30Z,29.85,32.32930577
2021-01-16T11:50:40Z,29.86,32.31049454
2021-01-16T11:50:50Z,29.87,32.27336109
2021-01-16T11:51:00Z,29.87,32.25206801
2021-01-16T11:51:10Z,29.88,32.24846356
2021-01-16T11:51:20Z,29.88,32.24846406
2021-01-16T11:51:30Z,29.88,32.20598215
2021-01-16T11:51:40Z,29.9,32.2169271
2021-01-16T11:51:50Z,29.88,32.22116086
2021-01-16T11:52:00Z,29.9,32.2169281
2021-01-16T11:52:10Z,29.88,32.24541257
2021-01-16T11:52:20Z,29.87,32.16718896
2021-01-16T11:52:30Z,29.88,32.20903857
2021-01-16T11:52:40Z,29.86,32.20716061
2021-01-16T11:52:50Z,29.86,32.13754803
2021-01-16T11:53:00Z,29.86,32.14060204
2021-01-16T11:53:10Z,29.86,32.15569109
2021-01-16T11:53:20Z,29.87,32.19449447
2021-01-16T11:53:30Z,29.86,32.19198098
2021-01-16T11:53:40Z,29.86,32.18290866
2021-01-16T11:53:50Z,29.87,32.20958574
2021-01-16T11:54:00Z,29.81,32.16177408
2021-01-16T11:54:10Z,29.87,32.20958674
2021-01-16T11:54:20Z,29.9,32.27772378
2021-01-16T11:54:30Z,29.87,32.31291031
2021-01-16T11:54:40Z,29.88,32.32762415
2021-01-16T11:54:50Z,29.88,32.29716492
2021-01-16T11:55:00Z,29.86,32.24355538
2021-01-16T11:55:10Z,29.87,32.06762774
2021-01-16T11:55:20Z,29.91,32.1105013
2021-01-16T11:55:30Z,29.88,32.16666304
2021-01-16T11:55:40Z,29.88,32.07007358
2021-01-16T11:55:50Z,29.9,32.13821919
2021-01-16T11:56:00Z,29.91,32.13768898
2021-01-16T11:56:10Z,29.88,32.16055951
2021-01-16T11:56:20Z,29.91,32.16793039
2021-01-16T11:56:30Z,29.91,32.13463976
2021-01-16T11:56:40Z,29.91,32.12862869
2021-01-16T11:56:50Z,29.88,32.15454594
2021-01-16T11:57:00Z,29.91,32.10440571
2021-01-16T11:57:10Z,29.91,32.12863019
2021-01-16T11:57:20Z,29.9,32.12619835
2021-01-16T11:57:30Z,29.91,32.14675616
2021-01-16T11:57:40Z,29.92,32.16425774
2021-01-16T11:57:50Z,29.91,32.13159309
2021-01-16T11:58:00Z,29.92,32.05267342
2021-01-16T11:58:10Z,29.91,32.06825796
2021-01-16T11:58:20Z,29.93,32.06713239
2021-01-16T11:58:30Z,29.91,32.07426878
2021-01-16T11:58:40Z,29.95,31.94575574
